S.No,Name,Games_Played,Goals,Assists,Yellow_cards,Red_cards,Club
1,Ederson,25,24,10,3,1,Manchester City
2,Claudio Bravo,4,7,1,-,-,Manchester City
3,Scott Carson,-,-,-,-,-,Manchester City
4,Aymeric Laporte,7,-,-,1,-,Manchester City
5,John Stones,12,-,-,-,-,Manchester City
6,Nicolas Otamendi,19,2,-,3,-,Manchester City
7,Eric Garcia,,,,,,Manchester City
8,Benjamin Mendy,14,-,2,2,-,Manchester City
9,Oleksandr Zinchenko,12,-,-,-,-,Manchester City
10,Kyle Walker,21,1,2,4,-,Manchester City
11,Joao Cancelo,11,-,-,2,-,Manchester City
12,Rodri,26,3,1,7,-,Manchester City
13,Fernandinho,23,-,-,6,-,Manchester City
14,Ilkay Gundogan,25,2,1,7,-,Manchester City
15,Phil Foden,14,-,1,-,-,Manchester City
16,Kevin De Bruyne,26,8,17,2,-,Manchester City
17,David Silva,19,3,7,-,-,Manchester City
18,Raheem Sterling,,,,,,Manchester City
19,Leroy Sane,1,-,-,-,-,Manchester City
20,Bernardo Silva,24,5,5,5,-,Manchester City
21,Riyad Mahrez,23,7,10,-,-,Manchester City
22,Gabriel Jesus,24,10,5,2,-,Manchester City
23,Sergio Aguero,22,16,3,1,-,Manchester City
24,Alisson,20,11,12,-,1,Liverpool
25,Adrian,11,10,2,1,-,Liverpool
26,Caoimhin Kelleher,-,-,-,-,-,Liverpool
27,Andy Lonergan,-,-,-,-,-,Liverpool
28,Virgil Van Dijk,29,4,1,1,-,Liverpool
29,Joe Gomez,19,-,-,3,-,Liverpool
30,Joel Matip,8,1,-,-,-,Liverpool
31,Dejan Lovren,9,-,1,1,-,Liverpool
32,Andrew Robertson,28,1,7,1,-,Liverpool
33,Trent Alexander Arnold,,,,,,Liverpool
34,Fabinho,20,1,1,5,-,Liverpool
35,Georginio Wijnaldum,28,3,-,-,-,Liverpool
36,Naby Keita,9,1,1,1,-,Liverpool
37,Jordan Henderson,25,3,5,1,-,Liverpool
38,Alex Oxlade Chamberlain,21,3,-,1,-,Liverpool
39,James Milner,18,2,2,3,-,Liverpool
40,Curtis Jones,14,9,5,1,-,Liverpool
41,Adam Lallana,15,1,1,1,-,Liverpool
42,Sadio Mane,26,14,9,2,-,Liverpool
43,Takumi Minamino,3,-,-,-,-,Liverpool
44,Mohamed Salah,26,16,6,1,-,Liverpool
45,Xherdan Shaqiri,6,1,-,-,-,Liverpool
46,Roberto Firmino,29,8,7,-,-,Liverpool
47,Divock Origi,22,3,3,-,-,Liverpool
48,Hugo Lloris,12,14,2,-,-,Tottenham Hotspur
49,Paulo Gazzaniga,18,26,2,1,-,Tottenham Hotspur
50,Michel Vorm,-,-,-,-,-,Tottenham Hotspur
51,Alfie Whiteman,-,-,-,-,-,Tottenham Hotspur
52,Davinson Sanchez,22,-,-,5,-,Tottenham Hotspur
53,Toby Alderweireld,27,1,2,4,-,Tottenham Hotspur
54,Jan Vertonghen,19,1,1,2,-,Tottenham Hotspur
55,Juan Foyth,4,-,-,1,-,Tottenham Hotspur
56,Japhet Tanganga,6,-,-,1,-,Tottenham Hotspur
57,Ben Davies,9,-,-,2,-,Tottenham Hotspur
58,Serge Aurier,24,1,4,1,-,Tottenham Hotspur
59,Eric Dier,14,-,2,4,-,Tottenham Hotspur
60,Oliver Skipp,4,-,-,-,-,Tottenham Hotspur
61,Tanguy Ndombele,19,2,2,2,-,Tottenham Hotspur
62,Giovani Lo Celso,19,-,-,5,-,Tottenham Hotspur
63,Harry Winks,23,-,-,8,-,Tottenham Hotspur
64,Moussa Sissoko,20,2,1,6,-,Tottenham Hotspur
65,Gedson Fernandes,4,-,-,-,-,Tottenham Hotspur
66,Ryan Sessegnon,6,-,-,-,-,Tottenham Hotspur
67,Dele Alli,22,8,3,2,-,Tottenham Hotspur
68,Heung Min Son,21,9,8,-,2,Tottenham Hotspur
69,Steven Bergwijn,5,2,-,1,-,Tottenham Hotspur
70,Lucas Moura,27,4,2,2,-,Tottenham Hotspur
71,Erik Lamela,17,2,3,3,-,Tottenham Hotspur
72,Harry Kane,20,11,2,2,-,Tottenham Hotspur
73,Malachi Walcott,3,-,-,-,-,Tottenham Hotspur
74,Troy Parrott,4,6,1,1,-,Tottenham Hotspur
75,Kepa,25,32,6,-,-,Chelsea
76,Willy Caballero,4,7,-,-,-,Chelsea
77,Antonio Rudiger,13,2,-,3,-,Chelsea
78,Kurt Zouma,22,-,-,5,-,Chelsea
79,Andreas Christensen,15,-,-,5,-,Chelsea
80,Fikayo Tomori,15,1,-,3,-,Chelsea
81,Emerson,14,-,-,3,-,Chelsea
82,Marcos Alonso,11,4,3,3,-,Chelsea
83,Cesar Azpilicueta,27,2,3,-,-,Chelsea
84,Reece James,17,-,2,1,-,Chelsea
85,Jorginho,26,4,2,10,-,Chelsea
86,Ngolo Kante,18,3,-,3,-,Chelsea
87,Mateo Kovacic,25,1,3,7,-,Chelsea
88,Ruben Loftus Cheek,-,-,-,-,-,Chelsea
89,Ross Barkley,13,-,3,-,-,Chelsea
90,Billy Gilmour,3,-,-,-,-,Chelsea
91,Lewis Baker,8,-,-,1,-,Chelsea
92,Danilo Pantic,8,-,-,1,-,Chelsea
93,Mason Mount,29,6,5,3,-,Chelsea
94,Callum Hudson Odoi,17,1,4,1,-,Chelsea
95,Christian Pulisic,16,5,2,-,-,Chelsea
96,Willian,28,5,5,3,-,Chelsea
97,Pedro,9,1,1,1,-,Chelsea
98,Tammy Abraham,25,13,4,2,-,Chelsea
99,Michy Batshuayi,16,1,1,-,-,Chelsea
100,Olivier Giroud,9,2,-,-,-,Chelsea
101,Faustino Anjorin,11,5,4,-,-,Chelsea
102,Armando Broja,,,,,,Chelsea
103,David De Gea,29,30,8,2,-,Manchester United
104,Sergio Romero,-,-,-,-,-,Manchester United
105,Lee Grant,-,-,-,-,-,Manchester United
106,Harry Maguire,29,1,1,4,-,Manchester United
107,Victor Lindelof,26,1,-,5,-,Manchester United
108,Eric Bailly,2,-,-,-,-,Manchester United
109,Axel Tuanzebe,5,-,-,-,-,Manchester United
110,Phil Jones,2,-,-,-,-,Manchester United
111,Luke Shaw,,,,,,Manchester United
112,Brandon Williams,12,1,-,5,-,Manchester United
113,Aaron Wan Bissaka,26,-,2,5,-,Manchester United
114,Diogo Dalot,4,-,-,-,-,Manchester United
115,Timothy Fosu Mensah,2,-,-,-,-,Manchester United
116,Nemanja Matic,12,-,1,1,-,Manchester United
117,Paul Pogba,7,-,2,-,-,Manchester United
118,Scott Mctominay,20,4,1,2,-,Manchester United
119,Fred,25,-,-,7,-,Manchester United
120,Bruno Fernandes,5,2,3,1,-,Manchester United
121,Andreas Pereira,23,1,3,3,-,Manchester United
122,Juan Mata,17,-,2,1,-,Manchester United
123,Daniel James,27,3,6,3,-,Manchester United
124,Jesse Lingard,20,-,-,3,-,Manchester United
125,Tahith Chong,3,-,-,-,-,Manchester United
126,Marcus Rashford,22,14,4,2,-,Manchester United
127,Anthony Martial,23,11,3,1,-,Manchester United
128,Mason Greenwood,22,5,-,-,-,Manchester United
129,Odion Ighalo,4,-,-,-,-,Manchester United
130,Bernd Leno,28,36,7,2,-,Arsenal
131,Emiliano Martinez,-,-,-,-,-,Arsenal
132,Matt Macey,5,11,-,-,-,Arsenal
133,Sokratis,19,2,-,6,-,Arsenal
134,Shkodran Mustafi,8,-,1,-,-,Arsenal
135,David Luiz,25,2,1,4,1,Arsenal
136,Rob Holding,2,-,-,-,-,Arsenal
137,Pablo Mari,1,-,-,-,-,Arsenal
138,Kieran Tierney,5,-,-,1,-,Arsenal
139,Sead Kolasinac,17,-,2,3,-,Arsenal
140,Hector Bellerin,8,1,-,2,-,Arsenal
141,Calum Chambers,14,1,1,5,-,Arsenal
142,Cedric Soares,16,-,1,1,-,Arsenal
143,Lucas Torreira,24,1,1,4,-,Arsenal
144,Granit Xhaka,22,-,1,7,-,Arsenal
145,Matteo Guendouzi,22,-,2,6,-,Arsenal
146,Dani Ceballos,14,-,2,-,-,Arsenal
147,Joe Willock,19,-,-,1,-,Arsenal
148,Ainsley Maitland Niles,14,-,2,3,-,Arsenal
149,Bukayo Saka,18,-,3,4,-,Arsenal
150,Mesut Ozil,18,1,2,1,-,Arsenal
151,Nicolas Pepe,24,4,6,3,-,Arsenal
152,Reiss Nelson,11,-,-,1,-,Arsenal
153,Pierre Emerick Aubameyang,26,17,1,3,1,Arsenal
154,Alexandre Lacazette,20,7,3,5,-,Arsenal
155,Gabriel Martinelli,14,3,-,1,-,Arsenal
156,Eddie Nketiah,5,1,-,-,-,Arsenal
157,Jordan Pickford,29,46,6,1,-,Everton
158,Maarten Stekelenburg,-,-,-,-,-,Everton
159,Michael Keane,22,1,-,-,-,Everton
160,Yerry Mina,25,2,1,3,-,Everton
161,Mason Holgate,23,-,3,4,-,Everton
162,Lucas Digne,26,-,6,2,-,Everton
163,Leighton Baines,5,-,-,-,-,Everton
164,Djibril Sidibe,21,-,4,3,-,Everton
165,Seamus Coleman,18,-,1,4,-,Everton
166,Cuco Martina,,,,,,Everton
167,Jean Philippe Gbamin,2,-,-,-,-,Everton
168,Morgan Schneiderlin,15,-,-,4,-,Everton
169,Andre Gomes,11,-,-,6,-,Everton
170,Tom Davies,21,1,-,7,-,Everton
171,Fabian Delph,16,-,-,3,-,Everton
172,Beni Baningime,-,-,-,-,-,Everton
173,Gylfi Sigurdsson,26,1,2,3,-,Everton
174,Richarlison,27,10,3,5,-,Everton
175,Alex Iwobi,18,1,-,-,-,Everton
176,Bernard,19,4,2,2,-,Everton
177,Theo Walcott,22,1,2,1,-,Everton
178,Dominic Calvert Lewin,27,13,1,7,-,Everton
179,Moise Kean,23,1,2,-,-,Everton
180,Cenk Tosun,10,2,-,-,-,Everton
181,Oumar Niasse,3,-,-,-,-,Everton
182,Anthony Gordon,9,6,2,-,-,Fc Everton
183,Kasper Schmeichel,29,28,10,2,-,Leicester City
184,Danny Ward,-,-,-,-,-,Leicester City
185,Eldin Jakupovic,2,1,1,-,-,Leicester City
186,Caglar Soyuncu,28,1,1,4,-,Leicester City
187,Jonny Evans,29,1,2,5,-,Leicester City
188,Ryan Bennett,11,-,-,2,-,Leicester City
189,Wes Morgan,8,-,-,-,-,Leicester City
190,Ben Chilwell,23,2,3,2,-,Leicester City
191,Christian Fuchs,8,-,-,-,-,Leicester City
192,Ricardo Pereira,28,3,2,1,-,Leicester City
193,James Justin,4,-,1,-,-,Leicester City
194,Wilfred Ndidi,23,2,1,3,-,Leicester City
195,Hamza Choudhury,16,1,1,2,-,Leicester City
196,Daniel Amartey,1,-,-,-,-,Leicester City
197,Nampalys Mendy,5,-,-,-,-,Leicester City
198,Youri Tielemans,28,3,5,1,-,Leicester City
199,Dennis Praet,21,1,2,2,-,Leicester City
200,Matty James,1,-,-,-,-,Leicester City
201,Marc Albrighton,14,-,3,1,-,Leicester City
202,Harvey Barnes,,,,,,Leicester City
203,James Maddison,28,6,3,4,-,Leicester City
204,Bartosz Kapustka,2,-,1,-,-,Leicester City
205,Demarai Gray,14,1,1,1,-,Leicester City
206,Ayoze Perez,25,7,4,-,-,Leicester City
207,Jamie Vardy,26,19,4,2,-,Leicester City
208,Kelechi Iheanacho,,,,,,Leicester City
209,Rui Patricio,29,34,8,-,-,Wolverhampton Wanderers
210,John Ruddy,-,-,-,-,-,Wolverhampton Wanderers
211,Willy Boly,13,-,1,1,-,Wolverhampton Wanderers
212,Conor Coady,29,-,-,3,-,Wolverhampton Wanderers
213,Max Kilman,3,-,-,-,-,Wolverhampton Wanderers
214,Jonny Otto,26,1,1,4,-,Wolverhampton Wanderers
215,Ruben Vinagre,13,-,-,1,-,Wolverhampton Wanderers
216,Matt Doherty,27,4,2,1,-,Wolverhampton Wanderers
217,Ruben Neves,29,2,1,7,-,Wolverhampton Wanderers
218,Leander Dendoncker,29,2,-,4,-,Wolverhampton Wanderers
219,Romain Saiss,25,2,1,8,-,Wolverhampton Wanderers
220,Joao Moutinho,29,1,6,5,-,Wolverhampton Wanderers
221,Morgan Gibbs White,4,-,-,-,-,Wolverhampton Wanderers
222,Enzo Loiodice,5,-,-,-,-,Wolverhampton Wanderers
223,Bruno Jordao,-,-,-,-,-,Wolverhampton Wanderers
224,Ming Yang Yang,2,-,-,-,-,Wolverhampton Wanderers
225,Diogo Jota,25,6,1,3,-,Wolverhampton Wanderers
226,Daniel Podence,4,-,-,-,-,Wolverhampton Wanderers
227,Adama Traore,28,4,7,-,-,Wolverhampton Wanderers
228,Pedro Neto,21,2,2,2,-,Wolverhampton Wanderers
229,Raul Jimenez,29,13,6,3,-,Wolverhampton Wanderers
230,Leonardo Campana,-,-,-,-,-,Wolverhampton Wanderers
231,Bright Enobakhare,2,-,-,-,-,Wolverhampton Wanderers
232,Oskar Buur,12,-,1,1,-,Wolverhampton Wanderers
233,Lukasz Fabianski,16,22,5,1,-,West Ham United
234,Darren Randolph,2,5,-,-,-,West Ham United
235,David Martin,5,6,2,1,-,West Ham United
236,Issa Diop,23,3,-,8,-,West Ham United
237,Fabian Balbuena,13,1,-,2,-,West Ham United
238,Angelo Ogbonna,24,2,-,4,-,West Ham United
239,Goncalo Cardoso,-,-,-,-,-,West Ham United
240,Aaron Cresswell,23,3,-,7,-,West Ham United
241,Arthur Masuaku,15,-,1,3,-,West Ham United
242,Ryan Fredericks,20,-,2,5,-,West Ham United
243,Pablo Zabaleta,10,-,-,2,-,West Ham United
244,Declan Rice,29,-,2,5,-,West Ham United
245,Tomas Soucek,4,-,-,-,-,West Ham United
246,Carlos Sanchez,6,-,-,-,-,West Ham United
247,Mark Noble,26,4,1,4,-,West Ham United
248,Jack Wilshere,6,-,-,-,-,West Ham United
249,Manuel Lanzini,19,-,3,-,-,West Ham United
250,Pablo Fornals,27,2,5,2,-,West Ham United
251,Felipe Anderson,22,1,4,1,-,West Ham United
252,Jarrod Bowen,4,1,-,-,-,West Ham United
253,Michail Antonio,15,2,2,1,-,West Ham United
254,Robert Snodgrass,24,5,5,4,-,West Ham United
255,Sebastien Haller,27,7,2,1,-,West Ham United
256,Albian Ajeti,8,-,-,-,-,West Ham United
257,Aaron Ramsdale,28,44,4,-,-,Afc Bournemouth
258,Artur Boruc,-,-,-,-,-,Afc Bournemouth
259,Mark Travers,1,3,-,-,-,Afc Bournemouth
260,Nathan Ake,23,2,1,1,-,Afc Bournemouth
261,Steve Cook,22,1,-,4,1,Afc Bournemouth
262,Chris Mepham,11,1,-,1,-,Afc Bournemouth
263,Jack Simpson,4,-,-,-,-,Afc Bournemouth
264,Diego Rico,21,-,2,6,-,Afc Bournemouth
265,Lloyd Kelly,-,-,-,-,-,Afc Bournemouth
266,Charlie Daniels,2,-,-,-,-,Afc Bournemouth
267,Adam Smith,18,-,1,6,-,Afc Bournemouth
268,Jack Stacey,12,-,2,2,-,Afc Bournemouth
269,Simon Francis,15,-,-,3,-,Afc Bournemouth
270,Jefferson Lerma,24,1,2,9,-,Afc Bournemouth
271,Lewis Cook,20,-,-,3,-,Afc Bournemouth
272,Philip Billing,27,1,1,7,-,Afc Bournemouth
273,Dan Gosling,16,2,1,1,-,Afc Bournemouth
274,Andrew Surman,5,-,-,1,-,Afc Bournemouth
275,Kyle Taylor,,,,,,Afc Bournemouth
276,Ryan Fraser,28,1,4,2,-,Afc Bournemouth
277,Arnaut Danjuma,9,-,-,-,-,Afc Bournemouth
278,Junior Stanislas,6,-,-,-,-,Afc Bournemouth
279,Harry Wilson,23,6,-,1,-,Afc Bournemouth
280,Jordon Ibe,2,-,-,-,-,Afc Bournemouth
281,Joshua King,19,4,2,-,-,Afc Bournemouth
282,Callum Wilson,28,8,1,8,-,Afc Bournemouth
283,Dominic Solanke,24,-,-,1,-,Afc Bournemouth
284,Sam Surridge,1,-,-,-,-,Afc Bournemouth
285,Martin Dubravka,29,41,9,-,-,Newcastle United
286,Karl Darlow,-,-,-,-,-,Newcastle United
287,Rob Elliot,-,-,-,-,-,Newcastle United
288,Jamaal Lascelles,19,1,-,2,-,Newcastle United
289,Fabian Schar,18,2,-,4,-,Newcastle United
290,Federico Fernandez,23,2,1,4,-,Newcastle United
291,Ciaran Clark,14,2,-,2,-,Newcastle United
292,Florian Lejeune,6,2,-,-,-,Newcastle United
293,Danny Rose,17,-,-,6,-,Newcastle United
294,Paul Dummett,16,-,-,2,-,Newcastle United
295,Jetro Willems,19,2,2,-,-,Newcastle United
296,Deandre Yedlin,12,1,-,3,-,Newcastle United
297,Emil Krafth,11,-,-,-,-,Newcastle United
298,Javier Manquillo,13,-,1,4,-,Newcastle United
299,Jamie Sterry,12,1,2,1,-,Newcastle United
300,Isaac Hayden,24,1,1,4,1,Newcastle United
301,Matthew Longstaff,7,2,-,1,-,Newcastle United
302,Sean Longstaff,21,-,1,2,1,Newcastle United
303,Jonjo Shelvey,17,5,-,2,-,Newcastle United
304,Nabil Bentaleb,3,-,-,2,-,Newcastle United
305,Valentino Lazaro,4,-,-,-,1,Newcastle United
306,Matt Ritchie,10,-,-,3,-,Newcastle United
307,Miguel Almiron,28,2,1,5,-,Newcastle United
308,Allan Saint Maximin,18,2,2,-,-,Newcastle United
309,Christian Atsu,18,-,3,2,-,Newcastle United
310,Joelinton,29,1,2,6,-,Newcastle United
311,Dwight Gayle,12,-,1,1,-,Newcastle United
312,Yoshinori Muto,7,-,-,-,-,Newcastle United
313,Andy Carroll,13,-,4,1,-,Newcastle United
314,Tom Heaton,20,35,4,-,-,Aston Villa
315,Jed Steer,1,-,1,-,-,Aston Villa
316,Orjan Nyland,3,8,1,-,-,Aston Villa
317,Pepe Reina,6,13,-,1,-,Aston Villa
318,Matija Sarkic,14,18,6,-,-,Aston Villa
319,Tyrone Mings,23,2,1,5,-,Aston Villa
320,Bjorn Engels,17,1,-,1,-,Aston Villa
321,Ezri Konsa,15,-,2,1,-,Aston Villa
322,Kortney Hause,11,-,-,2,-,Aston Villa
323,Matt Targett,20,1,2,3,-,Aston Villa
324,Neil Taylor,10,-,-,2,-,Aston Villa
325,Frederic Guilbert,23,-,2,7,-,Aston Villa
326,Ahmed Elmohamady,12,-,1,-,-,Aston Villa
327,Marvelous Nakamba,21,-,-,4,-,Aston Villa
328,Douglas Luiz,26,3,2,4,-,Aston Villa
329,John Mcginn,18,3,2,2,-,Aston Villa
330,Conor Hourihane,18,3,2,4,-,Aston Villa
331,Danny Drinkwater,5,-,-,1,-,Aston Villa
332,Henri Lansbury,9,-,-,-,-,Aston Villa
333,Jack Grealish,26,7,6,7,-,Aston Villa
334,Trezeguet,24,3,2,2,-,Aston Villa
335,Anwar El Ghazi,25,4,4,3,-,Aston Villa
336,Jota,8,-,1,-,-,Aston Villa
337,Wesley,21,5,1,3,-,Aston Villa
338,Mbwana Samatta,4,1,-,-,-,Aston Villa
339,Borja Baston,2,-,-,-,-,Aston Villa
340,Keinan Davis,8,-,-,-,-,Aston Villa
341,Ben Foster,29,44,9,1,-,Watford
342,Heurelho Gomes,-,-,-,-,-,Watford
343,Daniel Bachmann,2,5,-,-,-,Watford
344,Christian Kabasele,19,-,1,1,1,Watford
345,Craig Dawson,20,-,-,4,-,Watford
346,Craig Cathcart,27,-,-,6,-,Watford
347,Adrian Mariappa,15,-,-,2,-,Watford
348,Jorge Segura,10,1,-,2,-,Watford
349,Adam Masina,17,1,-,3,-,Watford
350,Jose Holebas,12,-,-,5,-,Watford
351,Kiko Femenia,19,-,-,5,-,Watford
352,Daryl Janmaat,8,-,1,1,-,Watford
353,Etienne Capoue,24,-,2,7,-,Watford
354,Nathaniel Chalobah,15,-,1,1,-,Watford
355,Abdoulaye Doucoure,28,4,2,8,-,Watford
356,Will Hughes,21,1,1,4,-,Watford
357,Tom Cleverley,10,1,-,-,-,Watford
358,Domingos Quina,4,-,-,-,-,Watford
359,Tom Dele Bashiru,-,-,-,-,-,Watford
360,Roberto Pereyra,23,3,-,3,-,Watford
361,Gerard Deulofeu,28,4,5,3,-,Watford
362,Isaac Success,5,-,-,1,-,Watford
363,Ismaila Sarr,19,5,4,1,-,Watford
364,Ignacio Pussetto,6,-,-,1,-,Watford
365,Joao Pedro,-,-,-,-,-,Watford
366,Andre Gray,20,2,-,1,-,Watford
367,Troy Deeney,18,6,2,3,-,Watford
368,Danny Welbeck,9,-,-,-,-,Watford
369,Adalberto Penaranda,5,-,-,2,-,Watford
370,Mathew Ryan,29,40,6,-,-,Brighton Amp Hove Albion
371,David Button,-,-,-,-,-,Brighton Amp Hove Albion
372,Jason Steele,3,1,2,-,-,Brighton Amp Hove Albion
373,Lewis Dunk,27,2,3,9,-,Brighton Amp Hove Albion
374,Adam Webster,23,3,1,3,-,Brighton Amp Hove Albion
375,Shane Duffy,15,1,-,1,-,Brighton Amp Hove Albion
376,Dan Burn,25,-,-,4,-,Brighton Amp Hove Albion
377,Bernardo,10,-,-,1,-,Brighton Amp Hove Albion
378,Martin Montoya,23,-,1,5,-,Brighton Amp Hove Albion
379,Tariq Lamptey,1,-,-,-,-,Brighton Amp Hove Albion
380,Ezequiel Schelotto,7,-,-,2,-,Brighton Amp Hove Albion
381,Davy Propper,26,1,2,4,-,Brighton Amp Hove Albion
382,Yves Bissouma,13,-,-,2,-,Brighton Amp Hove Albion
383,Pascal Gross,23,2,3,2,-,Brighton Amp Hove Albion
384,Aaron Mooy,22,2,1,-,-,Brighton Amp Hove Albion
385,Dale Stephens,24,-,1,6,-,Brighton Amp Hove Albion
386,Beram Kayal,6,-,-,2,-,Brighton Amp Hove Albion
387,Solly March,13,-,1,2,-,Brighton Amp Hove Albion
388,Alexis Mac Allister,1,-,-,-,-,Brighton Amp Hove Albion
389,Steven Alzate,19,-,-,1,-,Brighton Amp Hove Albion
390,Leandro Trossard,23,3,4,-,-,Brighton Amp Hove Albion
391,Alireza Jahanbakhsh,8,2,-,-,-,Brighton Amp Hove Albion
392,Neal Maupay,28,8,2,2,-,Brighton Amp Hove Albion
393,Aaron Connolly,17,2,1,-,-,Brighton Amp Hove Albion
394,Glenn Murray,19,1,-,-,-,Brighton Amp Hove Albion
395,Angus Gunn,10,25,2,-,-,Southampton
396,Alex Mccarthy,19,27,4,-,-,Southampton
397,Jannik Vestergaard,14,1,-,2,-,Southampton
398,Jan Bednarek,27,1,-,3,-,Southampton
399,Jack Stephens,21,1,3,2,-,Southampton
400,Kevin Danso,6,-,1,-,-,Southampton
401,Ryan Bertrand,24,1,1,3,1,Southampton
402,Kyle Walker Peters,4,-,-,-,-,Southampton
403,Yan Valery,9,-,-,1,-,Southampton
404,Oriol Romeu,22,-,-,3,-,Southampton
405,James Ward Prowse,29,4,3,7,-,Southampton
406,Pierre Emile Hojbjerg,28,-,1,5,-,Southampton
407,Stuart Armstrong,21,3,-,3,-,Southampton
408,Nathan Redmond,23,3,1,2,-,Southampton
409,Moussa Djenepo,18,2,2,4,1,Southampton
410,Sofiane Boufal,19,-,2,2,-,Southampton
411,Danny Ings,29,15,1,2,-,Southampton
412,Che Adams,22,-,3,-,-,Southampton
413,Michael Obafemi,15,2,-,1,-,Southampton
414,Shane Long,19,2,3,-,-,Southampton
415,Vicente Guaita,27,28,9,1,-,Crystal Palace
416,Wayne Hennessey,2,4,-,-,-,Crystal Palace
417,Stephen Henderson,-,-,-,-,-,Crystal Palace
418,Mamadou Sakho,8,-,-,-,1,Crystal Palace
419,James Tomkins,18,1,1,4,-,Crystal Palace
420,Gary Cahill,20,-,1,1,-,Crystal Palace
421,Jairo Riedewald,10,-,-,-,-,Crystal Palace
422,Scott Dann,9,-,1,-,-,Crystal Palace
423,Patrick Van Aanholt,22,3,-,-,-,Crystal Palace
424,Joel Ward,20,-,-,3,-,Crystal Palace
425,Martin Kelly,19,-,1,-,-,Crystal Palace
426,Luka Milivojevic,23,2,1,9,-,Crystal Palace
427,Cheikhou Kouyate,27,1,1,2,-,Crystal Palace
428,James Mcarthur,28,-,4,5,-,Crystal Palace
429,James Mccarthy,25,-,-,7,-,Crystal Palace
430,Jeffrey Schlupp,15,2,2,2,-,Crystal Palace
431,Max Meyer,13,-,-,1,-,Crystal Palace
432,Wilfried Zaha,29,3,5,4,-,Crystal Palace
433,Andros Townsend,15,1,1,-,-,Crystal Palace
434,Christian Benteke,20,1,1,4,-,Crystal Palace
435,Jordan Ayew,28,8,1,5,-,Crystal Palace
436,Nick Pope,29,40,11,-,-,Burnley
437,Joe Hart,-,-,-,-,-,Burnley
438,Bailey Peacock Farrell,-,-,-,-,-,Burnley
439,James Tarkowski,29,1,1,8,-,Burnley
440,Ben Mee,29,-,1,7,-,Burnley
441,Ben Gibson,-,-,-,-,-,Burnley
442,Kevin Long,1,-,-,-,-,Burnley
443,Charlie Taylor,17,-,-,3,-,Burnley
444,Erik Pieters,15,-,3,1,-,Burnley
445,Matthew Lowton,15,-,1,2,-,Burnley
446,Phil Bardsley,14,-,1,4,-,Burnley
447,Jack Cork,27,-,-,1,-,Burnley
448,Ashley Westwood,26,2,5,9,-,Burnley
449,Jeff Hendrick,24,2,2,8,-,Burnley
450,Josh Brownhill,1,-,-,-,-,Burnley
451,Robbie Brady,14,1,2,1,-,Burnley
452,Dwight Mcneil,29,2,5,4,-,Burnley
453,Johann Berg Gudmundsson,7,1,-,-,-,Burnley
454,Aaron Lennon,16,-,-,4,-,Burnley
455,Chris Wood,26,11,1,1,-,Burnley
456,Ashley Barnes,19,6,-,4,-,Burnley
457,Jay Rodriguez,28,5,1,1,-,Burnley
458,Matej Vydra,10,2,1,-,-,Burnley
459,Dean Henderson,27,22,10,2,-,Sheffield United
460,Michael Verrips,-,-,-,-,-,Sheffield United
461,Simon Moore,1,3,-,-,-,Sheffield United
462,Jack Oconnell,28,-,1,3,-,Sheffield United
463,John Egan,27,-,-,2,-,Sheffield United
464,Panagiotis Retsos,-,-,-,-,-,Sheffield United
465,Chris Basham,28,-,-,4,-,Sheffield United
466,Phil Jagielka,5,-,-,-,-,Sheffield United
467,Enda Stevens,28,2,2,5,-,Sheffield United
468,Jack Robinson,-,-,-,-,-,Sheffield United
469,George Baldock,28,2,4,7,-,Sheffield United
470,Kieron Freeman,-,-,-,-,-,Sheffield United
471,Sander Berge,,,,,,Sheffield United
472,Muhamed Besic,9,-,-,2,-,Sheffield United
473,Jack Rodwell,1,-,-,-,-,Sheffield United
474,John Lundstram,27,5,3,5,-,Sheffield United
475,John Fleck,25,5,2,7,-,Sheffield United
476,Oliver Norwood,28,1,-,6,-,Sheffield United
477,Ben Osborn,7,-,-,-,-,Sheffield United
478,Luke Freeman,10,-,-,3,-,Sheffield United
479,Lys Mousset,23,5,4,1,-,Sheffield United
480,Oliver Mcburnie,27,4,-,3,-,Sheffield United
481,Billy Sharp,18,3,-,1,1,Sheffield United
482,David Mcgoldrick,21,-,2,2,-,Sheffield United
483,Richairo Zivkovic,-,-,-,-,-,Sheffield United
484,Leon Clarke,1,-,-,-,-,Sheffield United
485,Tim Krul,27,45,5,4,-,Norwich City
486,Michael Mcgovern,2,6,-,-,-,Norwich City
487,Ben Godfrey,21,-,-,2,1,Norwich City
488,Christoph Zimmermann,15,-,1,2,-,Norwich City
489,Grant Hanley,15,-,-,4,-,Norwich City
490,Timm Klose,-,-,-,-,-,Norwich City
491,Jamal Lewis,19,1,-,2,-,Norwich City
492,Max Aarons,27,-,2,6,-,Norwich City
493,Sam Byram,17,-,-,4,-,Norwich City
494,Tom Trybull,14,-,-,2,-,Norwich City
495,Alexander Tettey,23,1,1,4,-,Norwich City
496,Kenny Mclean,28,1,1,4,-,Norwich City
497,Lukas Rupp,6,-,-,-,-,Norwich City
498,Moritz Leitner,9,-,-,1,-,Norwich City
499,Mario Vrancic,12,1,-,2,-,Norwich City
500,Todd Cantwell,29,6,2,4,-,Norwich City
501,Ondrej Duda,7,-,-,-,-,Norwich City
502,Marco Stiepermann,19,-,-,4,-,Norwich City
503,Onel Hernandez,17,1,1,-,-,Norwich City
504,Emiliano Buendia,28,-,7,4,-,Norwich City
505,Teemu Pukki,28,11,3,3,-,Norwich City
506,Josip Drmic,14,1,-,-,-,Norwich City
507,Adam Idah,7,2,1,-,-,Norwich City
508,Wojciech Szczesny,19,17,8,1,-,Juventus
509,Gianluigi Buffon,7,7,1,-,-,Juventus
510,Carlo Pinsoglio,-,-,-,-,-,Juventus
511,Matthijs De Ligt,20,2,-,4,-,Juventus
512,Merih Demiral,5,1,1,1,-,Juventus
513,Leonardo Bonucci,25,3,-,5,-,Juventus
514,Daniele Rugani,3,-,-,1,-,Juventus
515,Giorgio Chiellini,3,1,-,-,-,Juventus
516,Alex Sandro,22,-,3,3,-,Juventus
517,Danilo,12,1,-,1,-,Juventus
518,Mattia De Sciglio,8,-,-,-,-,Juventus
519,Miralem Pjanic,22,3,4,7,-,Juventus
520,Rodrigo Bentancur,19,-,7,7,-,Juventus
521,Aaron Ramsey,15,3,1,-,-,Juventus
522,Adrien Rabiot,17,-,-,3,-,Juventus
523,Blaise Matuidi,23,-,2,2,-,Juventus
524,Sami Khedira,12,-,1,3,-,Juventus
525,Cristiano Ronaldo,22,21,3,2,-,Juventus
526,Federico Bernardeschi,18,-,-,3,-,Juventus
527,Douglas Costa,14,-,3,1,-,Juventus
528,Juan Cuadrado,23,1,3,4,1,Juventus
529,Paulo Dybala,24,7,9,4,-,Juventus
530,Gonzalo Higuain,23,5,4,2,-,Juventus
531,Samir Handanovic,22,20,7,-,-,Inter Milan
532,Daniele Padelli,3,4,1,-,1,Inter Milan
533,Tommaso Berni,-,-,-,-,2,Inter Milan
534,Stefan De Vrij,23,2,3,4,-,Inter Milan
535,Milan Skriniar,24,-,1,7,-,Inter Milan
536,Alessandro Bastoni,14,1,-,5,-,Inter Milan
537,Diego Godin,17,-,1,3,-,Inter Milan
538,Andrea Ranocchia,2,-,-,1,-,Inter Milan
539,Danilo Dambrosio,12,1,-,4,-,Inter Milan
540,Marcelo Brozovic,23,3,4,6,-,Inter Milan
541,Lucien Agoume,1,-,-,-,-,Inter Milan
542,Nicolo Barella,20,1,4,9,-,Inter Milan
543,Stefano Sensi,12,3,4,2,-,Inter Milan
544,Matias Vecino,18,2,1,4,-,Inter Milan
545,Roberto Gagliardini,12,2,2,2,-,Inter Milan
546,Borja Valero,9,1,-,2,-,Inter Milan
547,Victor Moses,3,-,1,-,-,Inter Milan
548,Antonio Candreva,20,2,5,5,-,Inter Milan
549,Cristiano Biraghi,16,-,3,-,-,Inter Milan
550,Kwadwo Asamoah,8,-,1,1,-,Inter Milan
551,Ashley Young,5,1,2,-,-,Inter Milan
552,Christian Eriksen,4,-,-,-,-,Inter Milan
553,Alexis Sanchez,10,1,2,-,-,Inter Milan
554,Romelu Lukaku,25,17,2,3,-,Inter Milan
555,Lautaro Martinez,22,12,3,7,2,Inter Milan
556,Sebastiano Esposito,5,1,-,2,-,Inter Milan
557,Alex Meret,15,23,3,-,-,SSC Napoli
558,David Ospina,11,13,2,-,-,SSC Napoli
559,Orestis Karnezis,-,-,-,-,-,SSC Napoli
560,Kalidou Koulibaly,15,-,-,3,1,SSC Napoli
561,Konstantinos Manolas,19,3,-,2,-,SSC Napoli
562,Nikola Maksimovic,12,1,1,3,1,SSC Napoli
563,Sebastiano Luperto,9,-,-,2,-,SSC Napoli
564,Mario Rui,15,-,1,6,-,SSC Napoli
565,Faouzi Ghoulam,5,-,-,2,-,SSC Napoli
566,Giovanni Di Lorenzo,25,2,4,3,-,SSC Napoli
567,Elseid Hysaj,13,-,1,3,-,SSC Napoli
568,Kevin Malcuit,3,-,-,-,-,SSC Napoli
569,Stanislav Lobotka,4,-,-,-,-,SSC Napoli
570,Diego Demme,6,1,-,4,-,SSC Napoli
571,Fabian Ruiz,22,2,2,2,-,SSC Napoli
572,Allan,16,1,1,3,-,SSC Napoli
573,Piotr Zielinski,26,2,3,4,-,SSC Napoli
574,Eljif Elmas,16,1,-,6,-,SSC Napoli
575,Lorenzo Insigne,25,5,5,1,-,SSC Napoli
576,Hirving Lozano,16,2,1,1,-,SSC Napoli
577,Amin Younes,6,-,-,1,-,SSC Napoli
578,Matteo Politano,16,-,-,1,-,SSC Napoli
579,Jose Callejon,23,2,6,2,-,SSC Napoli
580,Arkadiusz Milik,16,9,-,4,-,SSC Napoli
581,Dries Mertens,21,6,5,4,-,SSC Napoli
582,Fernando Llorente,17,3,1,1,-,SSC Napoli
583,Pau Lopez,25,35,5,2,-,Roma
584,Antonio Mirante,1,-,1,-,-,Roma
585,Daniel Fuzato,,,,,,Roma
586,Gianluca Mancini,23,1,1,10,-,Roma
587,Chris Smalling,21,2,1,1,-,Roma
588,Juan Jesus,3,-,-,2,-,Roma
589,Federico Fazio,12,-,-,1,1,Roma
590,Mert Cetin,5,-,-,2,-,Roma
591,Roger Ibanez,-,-,-,-,-,Roma
592,Leonardo Spinazzola,15,-,2,2,-,Roma
593,Aleksandar Kolarov,23,6,4,6,-,Roma
594,Davide Zappacosta,1,-,-,-,-,Roma
595,Davide Santon,14,-,-,4,-,Roma
596,Bruno Peres,6,-,1,1,-,Roma
597,Amadou Diawara,12,-,-,3,-,Roma
598,Lorenzo Pellegrini,18,1,9,4,-,Roma
599,Bryan Cristante,15,1,2,3,1,Roma
600,Jordan Veretout,24,2,-,4,-,Roma
601,Gonzalo Villar,3,-,-,1,-,Roma
602,Nicolo Zaniolo,18,4,1,6,-,Roma
603,Henrikh Mkhitaryan,13,6,3,2,-,Roma
604,Javier Pastore,9,-,1,-,-,Roma
605,Justin Kluivert,18,4,2,4,-,Roma
606,Diego Perotti,14,3,1,1,-,Roma
607,Cengiz Under,15,3,-,2,-,Roma
608,Carles Perez,5,-,1,1,-,Roma
609,Edin Dzeko,25,12,6,4,-,Roma
610,Nikola Kalinic,9,2,1,1,-,Roma
611,Gianluigi Donnarumma,24,30,10,3,-,Milan
612,Asmir Begovic,2,3,-,-,-,Milan
613,Antonio Donnarumma,-,-,-,1,-,Milan
614,Alessio Romagnoli,26,-,-,4,-,Milan
615,Mateo Musacchio,18,-,-,4,1,Milan
616,Leo Duarte,5,-,-,2,-,Milan
617,Simon Kjaer,9,-,-,3,-,Milan
618,Matteo Gabbia,3,-,-,-,-,Milan
619,Theo Hernandez,22,5,2,8,-,Milan
620,Andrea Conti,16,-,1,5,-,Milan
621,Davide Calabria,16,-,1,2,1,Milan
622,Ismael Bennacer,20,-,-,12,-,Milan
623,Lucas Biglia,7,-,1,3,-,Milan
624,Franck Kessie,23,1,1,3,-,Milan
625,Giacomo Bonaventura,17,2,-,1,-,Milan
626,Rade Krunic,9,-,1,3,-,Milan
627,Alexis Saelemaekers,2,-,-,-,-,Milan
628,Diego Laxalt,16,-,1,3,-,Milan
629,Lucas Paqueta,17,-,1,5,-,Milan
630,Hakan Calhanoglu,23,3,1,6,-,Milan
631,Samu Castillejo,16,-,2,2,1,Milan
632,Ante Rebic,15,6,-,2,-,Milan
633,Rafael Leao,21,2,1,-,-,Milan
634,Zlatan Ibrahimovic,8,3,1,1,-,Milan
635,Matteo Soncin,12,7,5,1,-,Milan
636,Marco Brescianini,12,6,2,1,-,Milan
637,Thomas Strakosha,26,23,9,1,-,Lazio
638,Silvio Proto,-,-,-,-,-,Lazio
639,Guido Guerrieri,-,-,-,-,-,Lazio
640,Luiz Felipe,19,1,1,5,-,Lazio
641,Francesco Acerbi,24,2,2,4,-,Lazio
642,Patric,12,-,-,1,-,Lazio
643,Denis Vavro,5,-,-,-,1,Lazio
644,Stefan Radu,22,1,-,6,-,Lazio
645,Bastos,8,1,-,2,-,Lazio
646,Nicolo Armini,15,-,1,4,1,Lazio
647,Jorge Silva,-,-,-,-,-,Lazio
648,Jordan Lukaku,2,-,1,-,-,Lazio
649,Lucas Leiva,22,-,1,7,-,Lazio
650,Sergej Milinkovic Savic,25,4,5,6,-,Lazio
651,Danilo Cataldi,14,1,-,3,-,Lazio
652,Marco Parolo,17,-,-,5,-,Lazio
653,Manuel Lazzari,21,-,3,4,-,Lazio
654,Adam Marusic,10,2,-,2,-,Lazio
655,Djavan Anderson,-,-,-,-,-,Lazio
656,Jony,15,-,1,2,-,Lazio
657,Senad Lulic,20,-,2,6,-,Lazio
658,Luis Alberto,25,4,13,4,-,Lazio
659,Andre Anderson,2,-,-,-,-,Lazio
660,Bobby Adekanye,3,1,-,1,-,Lazio
661,Joaquin Correa,22,7,3,-,-,Lazio
662,Ciro Immobile,26,27,7,4,-,Lazio
663,Felipe Caicedo,21,8,4,4,-,Lazio
664,Pierluigi Gollini,22,31,5,3,-,Atlanta
665,Marco Sportiello,3,3,1,-,-,Atlanta
666,Francesco Rossi,-,-,-,-,-,Atlanta
667,Rafael Toloi,22,1,6,5,-,Atlanta
668,Berat Djimsiti,22,1,1,2,-,Atlanta
669,Mattia Caldara,2,-,-,-,-,Atlanta
670,Jose Luis Palomino,21,1,1,4,-,Atlanta
671,Bosko Sutalo,16,-,-,3,-,Atlanta
672,Robin Gosens,22,7,5,2,-,Atlanta
673,Lennart Czyborra,-,-,-,-,-,Atlanta
674,Timothy Castagne,14,1,2,3,-,Atlanta
675,Hans Hateboer,21,-,3,7,-,Atlanta
676,Raoul Bellanova,-,-,-,-,-,Atlanta
677,Marten De Roon,22,1,4,10,-,Atlanta
678,Adrien Tameze,2,-,-,-,-,Atlanta
679,Remo Freuler,20,2,2,2,-,Atlanta
680,Mario Pasalic,23,5,5,4,-,Atlanta
681,Ruslan Malinovskyi,22,4,1,4,-,Atlanta
682,Josip Ilicic,21,15,8,1,1,Atlanta
683,Papu Gomez,24,6,10,2,-,Atlanta
684,Duvan Zapata,15,11,6,1,-,Atlanta
685,Luis Muriel,22,13,-,-,-,Atlanta
686,Bartlomiej Dragowski,26,36,7,-,-,Fiorentina
687,Pietro Terracciano,-,-,-,-,-,Fiorentina
688,Federico Brancolini,-,-,-,-,-,Fiorentina
689,Nikola Milenkovic,25,3,-,5,-,Fiorentina
690,German Pezzella,23,2,1,9,-,Fiorentina
691,Igor,21,-,1,7,-,Fiorentina
692,Federico Ceccherini,7,-,-,1,-,Fiorentina
693,Martin Caceres,20,1,-,6,-,Fiorentina
694,Dalbert,23,-,6,5,1,Fiorentina
695,Aleksa Terzic,-,-,-,-,-,Fiorentina
696,Pol Lirola,23,-,2,4,-,Fiorentina
697,Lorenzo Venuti,7,-,1,3,-,Fiorentina
698,Erick Pulgar,25,4,3,7,-,Fiorentina
699,Milan Badelj,19,1,-,1,-,Fiorentina
700,Gaetano Castrovilli,24,3,2,8,-,Fiorentina
701,Alfred Duncan,16,1,5,4,-,Fiorentina
702,Marco Benassi,16,1,1,1,-,Fiorentina
703,Kevin Agudelo,11,1,1,3,-,Fiorentina
704,Franck Ribery,11,2,2,1,1,Fiorentina
705,Riccardo Sottil,12,-,-,2,-,Fiorentina
706,Federico Chiesa,23,6,5,4,-,Fiorentina
707,Rachid Ghezzal,10,-,-,1,-,Fiorentina
708,Christian Kouame,11,5,3,1,-,Fiorentina
709,Dusan Vlahovic,22,6,1,4,-,Fiorentina
710,Patrick Cutrone,7,-,1,-,-,Fiorentina
711,Christian Dalle Mura,13,-,-,2,-,Fiorentina
712,Alessio Cragno,4,5,-,-,-,Cagliari
713,Robin Olsen,16,24,3,-,1,Cagliari
714,Rafael,6,11,-,-,-,Cagliari
715,Sebastian Walukiewicz,4,-,-,1,-,Cagliari
716,Luca Ceppitelli,9,2,-,4,-,Cagliari
717,Ragnar Klavan,22,-,-,3,-,Cagliari
718,Fabio Pisacane,22,1,-,5,-,Cagliari
719,Luca Pellegrini,20,-,4,9,-,Cagliari
720,Charalampos Lykogiannis,8,-,-,3,-,Cagliari
721,Paolo Farago,12,1,1,1,-,Cagliari
722,Federico Mattiello,5,-,-,1,-,Cagliari
723,Fabrizio Cacciatore,13,-,-,1,1,Cagliari
724,Christian Oliva,11,1,1,1,-,Cagliari
725,Luca Cigarini,20,-,4,5,-,Cagliari
726,Nahitan Nandez,23,1,4,10,-,Cagliari
727,Marko Rog,19,1,-,6,-,Cagliari
728,Artur Ionita,22,-,1,3,-,Cagliari
729,Radja Nainggolan,21,5,5,5,-,Cagliari
730,Gaston Pereiro,3,1,-,1,-,Cagliari
731,Valter Birsa,3,-,-,-,-,Cagliari
732,Joao Pedro,25,16,2,5,-,Cagliari
733,Daniele Ragatzu,5,1,-,1,-,Cagliari
734,Giovanni Simeone,24,6,4,4,-,Cagliari
735,Leonardo Pavoletti,1,-,-,-,-,Cagliari
736,Alberto Paloschi,14,-,-,-,-,Cagliari
737,Andrea Carboni,20,2,-,3,-,Cagliari
738,Riccardo Ladinetti,18,4,4,3,1,Cagliari
739,Salvatore Sirigu,25,45,5,4,-,Torino
740,Samir Ujkani,-,-,-,-,-,Torino
741,Antonio Rosati,-,-,-,-,-,Torino
742,Armando Izzo,23,1,-,4,1,Torino
743,Nicolas Nkoulou,19,-,-,3,-,Torino
744,Lyanco,10,-,-,1,-,Torino
745,Bremer,14,1,1,2,-,Torino
746,Koffi Djidji,12,-,-,-,-,Torino
747,Wilfried Stephane Singo,-,-,-,-,-,Torino
748,Cristian Ansaldi,16,4,3,7,-,Torino
749,Ola Aina,20,-,1,6,-,Torino
750,Lorenzo De Silvestri,19,-,-,1,-,Torino
751,Tomas Rincon,21,1,3,8,-,Torino
752,Daniele Baselli,16,-,2,3,-,Torino
753,Soualiho Meite,21,-,2,2,-,Torino
754,Sasa Lukic,18,-,-,4,1,Torino
755,Alex Berenguer,17,5,1,3,-,Torino
756,Simone Verdi,22,1,3,2,-,Torino
757,Simone Edera,6,1,-,1,-,Torino
758,Vincenzo Millico,6,-,-,-,-,Torino
759,Andrea Belotti,23,9,2,3,-,Torino
760,Simone Zaza,15,3,1,4,-,Torino
761,Michel Ndary Adopo,8,-,-,-,-,Torino
762,Andrea Consigli,20,33,4,1,-,Sassuolo
763,Alessandro Russo,-,-,-,-,-,Sassuolo
764,Gianluca Pegolo,3,2,2,-,-,Sassuolo
765,Gian Marco Ferrari,13,-,-,3,-,Sassuolo
766,Marlon,15,-,-,4,-,Sassuolo
767,Filippo Romagna,18,-,-,3,-,Sassuolo
768,Vlad Chiriches,4,-,-,-,-,Sassuolo
769,Giangiacomo Magnani,4,-,-,2,-,Sassuolo
770,Rogerio,5,-,1,3,-,Sassuolo
771,Georgios Kyriakopoulos,15,-,3,3,-,Sassuolo
772,Federico Peluso,16,-,1,3,1,Sassuolo
773,Alessandro Tripaldelli,2,-,-,-,-,Sassuolo
774,Mert Muldur,12,-,1,2,-,Sassuolo
775,Jeremy Toljan,23,1,2,7,-,Sassuolo
776,Francesco Magnanelli,15,-,-,4,-,Sassuolo
777,Manuel Locatelli,20,-,3,8,-,Sassuolo
778,Pedro Obiang,21,1,1,9,-,Sassuolo
779,Mehdi Bourabia,7,-,1,2,-,Sassuolo
780,Hamed Junior Traore,20,3,1,2,-,Sassuolo
781,Filip Djuricic,18,4,3,4,-,Sassuolo
782,Jeremie Boga,24,8,4,-,-,Sassuolo
783,Lukas Haraslin,1,-,-,-,-,Sassuolo
784,Domenico Berardi,20,9,5,4,1,Sassuolo
785,Gregoire Defrel,12,1,2,1,-,Sassuolo
786,Francesco Caputo,23,13,4,2,-,Sassuolo
787,Giacomo Raspadori,4,-,-,-,-,Sassuolo
788,Andrea Ghion,13,1,1,4,-,Sassuolo
789,Ionut Radu,17,35,2,1,-,Parma
790,Luigi Sepe,21,27,5,1,-,Parma
791,Simone Colombi,4,4,1,-,-,Parma
792,Simone Iacoponi,25,2,-,3,-,Parma
793,Kastriot Dermaku,8,-,-,1,-,Parma
794,Bruno Alves,21,-,-,2,-,Parma
795,Riccardo Gagliolo,22,2,1,7,-,Parma
796,Giuseppe Pezzella,15,-,-,2,-,Parma
797,Vasco Regini,3,-,-,-,-,Parma
798,Matteo Darmian,21,-,1,4,-,Parma
799,Vincent Laurini,7,-,-,3,-,Parma
800,Hernani,23,-,3,9,-,Parma
801,Gaston Brugman,15,-,1,2,-,Parma
802,Matteo Scozzarella,11,-,3,2,-,Parma
803,Alberto Grassi,12,1,-,4,-,Parma
804,Juraj Kucka,18,3,2,2,-,Parma
805,Jasmin Kurtic,23,2,1,6,-,Parma
806,Antonino Barilla,18,1,1,5,-,Parma
807,Gervinho,19,5,3,3,-,Parma
808,Dejan Kulusevski,23,5,7,2,-,Parma
809,Yann Karamoh,6,1,1,-,-,Parma
810,Mattia Sprocati,16,1,-,-,-,Parma
811,Luca Siligardi,5,-,-,-,-,Parma
812,Gianluca Caprari,21,3,-,3,-,Parma
813,Roberto Inglese,11,2,-,1,-,Parma
814,Andreas Cornelius,18,8,1,1,-,Parma
815,Andrea Adorante,-,-,-,-,-,Parma
816,Edoardo Corvi,12,27,-,-,-,Parma
817,Lukasz Skorupski,25,41,2,2,-,Bologna
818,Angelo Da Costa,1,1,-,-,-,Bologna
819,Mouhamadou Sarr,-,-,-,-,-,Bologna
820,Sebastian Breza,-,-,-,-,-,Bologna
821,Stefano Denswil,17,-,1,4,-,Bologna
822,Mattia Bani,22,4,-,10,-,Bologna
823,Gabriele Corbo,-,-,-,-,-,Bologna
824,Danilo,19,1,-,7,-,Bologna
825,Mitchell Dijks,4,-,-,2,-,Bologna
826,Takehiro Tomiyasu,20,-,2,5,-,Bologna
827,Ibrahima Mbaye,13,-,4,5,-,Bologna
828,Gary Medel,13,-,-,7,1,Bologna
829,Nicolas Dominguez,5,-,-,1,-,Bologna
830,Roberto Soriano,18,3,5,1,-,Bologna
831,Mattias Svanberg,14,-,1,2,-,Bologna
832,Jerdy Schouten,13,-,1,5,1,Bologna
833,Andrea Poli,23,2,-,5,-,Bologna
834,Nicola Sansone,22,4,4,5,-,Bologna
835,Ladislav Krejci,10,1,-,2,-,Bologna
836,Riccardo Orsolini,26,7,5,3,-,Bologna
837,Andreas Skov Olsen,19,1,-,2,-,Bologna
838,Musa Barrow,14,3,3,-,-,Bologna
839,Federico Santander,20,1,-,5,-,Bologna
840,Rodrigo Palacio,25,6,3,3,-,Bologna
841,Federico Bonini,4,1,-,2,-,Bologna
842,Emil Audero,25,44,7,-,-,Sampdoria
843,Andrea Seculin,-,-,-,-,-,Sampdoria
844,Wladimiro Falcone,-,-,-,-,-,Sampdoria
845,Omar Colley,21,-,1,9,-,Sampdoria
846,Maya Yoshida,1,-,-,-,-,Sampdoria
847,Julian Chabot,6,-,-,1,1,Sampdoria
848,Lorenzo Tonelli,5,-,-,2,-,Sampdoria
849,Alex Ferrari,12,-,-,4,-,Sampdoria
850,Nicola Murru,22,-,-,4,-,Sampdoria
851,Tommaso Augello,6,-,-,-,-,Sampdoria
852,Bartosz Bereszynski,17,-,-,5,-,Sampdoria
853,Fabio Depaoli,16,-,1,6,-,Sampdoria
854,Albin Ekdal,23,-,3,5,-,Sampdoria
855,Karol Linetty,17,2,3,4,-,Sampdoria
856,Jakub Jankto,19,2,2,4,-,Sampdoria
857,Ronaldo Vieira,21,-,1,8,1,Sampdoria
858,Andrea Bertolacci,7,-,-,1,-,Sampdoria
859,Morten Thorsby,14,-,-,3,-,Sampdoria
860,Mehdi Leris,7,-,-,-,-,Sampdoria
861,Edgar Barreto,2,-,-,-,-,Sampdoria
862,Gaston Ramirez,15,5,1,5,-,Sampdoria
863,Gonzalo Maroni,1,-,-,-,-,Sampdoria
864,Manolo Gabbiadini,21,6,2,2,-,Sampdoria
865,Antonino La Gumina,1,-,-,-,-,Sampdoria
866,Federico Bonazzoli,11,1,-,1,-,Sampdoria
867,Fabio Quagliarella,21,9,4,2,-,Sampdoria
868,Marco Silvestri,25,26,9,2,-,Hellas Verona
869,Boris Radunovi%c4%87,-,-,-,-,-,Hellas Verona
870,Alessandro Berardi,-,-,-,-,-,Hellas Verona
871,Marash Kumbulla,18,1,-,4,-,Hellas Verona
872,Amir Rrahmani,25,-,-,4,-,Hellas Verona
873,Koray Gunter,22,-,-,6,-,Hellas Verona
874,Pawel Dawidowicz,14,1,-,2,1,Hellas Verona
875,Salvatore Bocchetti,5,-,-,2,-,Hellas Verona
876,Alan Empereur,3,-,-,1,-,Hellas Verona
877,Matteo Lovato,17,-,-,2,-,Hellas Verona
878,Federico Dimarco,5,-,-,-,-,Hellas Verona
879,Davide Faraoni,24,3,3,4,-,Hellas Verona
880,Claud Adjapong,2,-,-,-,-,Hellas Verona
881,Miguel Veloso,21,2,4,5,-,Hellas Verona
882,Andrea Danzi,1,-,-,-,-,Hellas Verona
883,Sofyan Amrabat,23,-,1,8,1,Hellas Verona
884,Matteo Pessina,24,3,-,4,-,Hellas Verona
885,Mattia Zaccagni,23,1,7,5,-,Hellas Verona
886,Emmanuel Badu,4,-,-,1,-,Hellas Verona
887,Lucas Felippe,-,-,-,-,-,Hellas Verona
888,Darko Lazovic,25,1,4,4,-,Hellas Verona
889,Valerio Verre,23,3,-,4,-,Hellas Verona
890,Valentin Eysseric,4,-,-,-,-,Hellas Verona
891,Fabio Borini,8,2,-,2,-,Hellas Verona
892,Eddie Salcedo,10,1,-,-,-,Hellas Verona
893,Mariusz Stepinski,13,2,-,1,1,Hellas Verona
894,Samuel Di Carmine,12,3,-,2,-,Hellas Verona
895,Giampaolo Pazzini,10,4,-,-,-,Hellas Verona
896,Mattia Perin,9,12,3,1,-,Genoa
897,Salvador Ichazo,-,-,-,-,-,Genoa
898,Federico Marchetti,-,-,-,-,2,Genoa
899,Cristian Romero,21,-,1,10,-,Genoa
900,Adama Soumaoro,4,1,-,2,-,Genoa
901,Davide Biraschi,15,-,-,1,1,Genoa
902,Cristian Zapata,12,1,-,3,-,Genoa
903,Edoardo Goldaniga,4,-,-,1,-,Genoa
904,Andrea Masiello,12,-,1,2,-,Genoa
905,Antonio Barreca,9,-,1,-,-,Genoa
906,Domenico Criscito,19,7,-,6,-,Genoa
907,Paolo Ghiglione,20,-,5,4,-,Genoa
908,Peter Ankersen,15,-,1,2,-,Genoa
909,Lasse Schone,22,1,2,4,-,Genoa
910,Ivan Radovanovic,19,-,1,3,-,Genoa
911,Sebastian Eriksson,-,-,-,-,-,Genoa
912,Valon Behrami,7,-,-,1,-,Genoa
913,Stefano Sturaro,11,1,4,5,-,Genoa
914,Lukas Lerager,11,-,-,3,-,Genoa
915,Francesco Cassata,17,2,-,7,-,Genoa
916,Filip Jagiello,6,-,-,-,-,Genoa
917,Marko Pajac,11,-,-,1,-,Genoa
918,Iago Falque,5,-,-,-,-,Genoa
919,Goran Pandev,22,7,1,4,-,Genoa
920,Andrea Pinamonti,20,2,2,1,-,Genoa
921,Antonio Sanabria,16,3,3,2,-,Genoa
922,Andrea Favilli,12,-,-,3,-,Genoa
923,Mattia Destro,7,-,-,2,-,Genoa
924,Juan Musso,26,37,9,-,-,Udinese
925,Nicolas,-,-,-,-,-,Udinese
926,Samuele Perisan,-,-,-,-,-,Udinese
927,Rodrigo Becao,20,1,-,6,-,Udinese
928,Samir,10,-,-,3,-,Udinese
929,William Troost Ekong,23,-,-,4,-,Udinese
930,Bram Nuytinck,16,-,-,2,-,Udinese
931,Sebastian Prodl,2,-,-,-,-,Udinese
932,Sebastien De Maio,13,-,-,1,-,Udinese
933,Marvin Zeegelaar,4,-,-,-,-,Udinese
934,Jens Stryger Larsen,22,1,2,2,-,Udinese
935,Hidde Ter Avest,9,-,-,-,-,Udinese
936,Rolando Mandragora,25,-,3,2,-,Udinese
937,Walace,10,-,-,1,-,Udinese
938,Mato Jajalo,20,-,-,6,-,Udinese
939,Seko Fofana,21,1,4,2,-,Udinese
940,Ken Sema,22,2,-,4,-,Udinese
941,Rodrigo De Paul,23,5,2,4,1,Udinese
942,Kevin Lasagna,25,4,-,1,-,Udinese
943,Stefano Okaka,22,5,2,8,-,Udinese
944,Ilija Nestorovski,17,1,1,4,-,Udinese
945,Lukasz Teodorczyk,7,-,1,1,-,Udinese
946,Jesse Joronen,22,43,4,1,-,Brescia
947,Enrico Alfonso,4,4,2,-,-,Brescia
948,Lorenzo Andrenacci,1,2,-,-,-,Brescia
949,Andrea Cistana,21,1,-,7,1,Brescia
950,Jhon Chancellor,23,3,-,3,-,Brescia
951,Daniele Gastaldello,4,-,-,-,-,Brescia
952,Massimiliano Mangraviti,7,-,-,2,-,Brescia
953,Ales Mateju,20,-,1,5,-,Brescia
954,Bruno Martella,17,-,-,2,-,Brescia
955,Stefano Sabelli,26,-,2,3,-,Brescia
956,Alessandro Semprini,1,-,-,-,-,Brescia
957,Sandro Tonali,23,1,5,6,-,Brescia
958,Mattia Viviani,3,-,-,-,-,Brescia
959,Dimitri Bisoli,25,1,1,6,-,Brescia
960,Emanuele Ndoj,13,-,1,2,-,Brescia
961,Romulo,21,1,3,3,-,Brescia
962,Birkir Bjarnason,5,-,-,-,-,Brescia
963,Daniele Dessena,13,-,1,3,-,Brescia
964,Jaromir Zmrhal,10,-,-,-,-,Brescia
965,Nikolas Spalek,15,1,1,2,-,Brescia
966,Mario Balotelli,19,5,-,6,1,Brescia
967,Alfredo Donnarumma,21,4,-,-,-,Brescia
968,Ernesto Torregrossa,13,4,1,5,-,Brescia
969,Simon Skrabb,4,-,-,1,-,Brescia
970,Florian Aye,15,-,-,2,-,Brescia
971,Etrit Berisha,26,44,3,2,-,SPAL
972,Karlo Letica,-,-,-,-,-,SPAL
973,Demba Thiam,-,-,-,-,-,SPAL
974,Francesco Vicari,23,-,-,4,-,SPAL
975,Kevin Bonifazi,9,2,-,1,-,SPAL
976,Ervin Zukanovic,3,-,-,1,-,SPAL
977,Thiago Cionek,20,-,2,9,-,SPAL
978,Nenad Tomovi%c4%87,19,-,1,5,1,SPAL
979,Bartosz Salamon,-,-,-,-,-,SPAL
980,Felipe,12,-,-,4,-,SPAL
981,Paolo Cannistra,-,-,-,-,-,SPAL
982,Arkadiusz Reca,18,-,1,1,-,SPAL
983,Riccardo Mastrilli,-,-,-,-,-,SPAL
984,Jacopo Sala,9,-,-,1,-,SPAL
985,Simone Missiroli,25,1,2,7,-,SPAL
986,Mirko Valdifiori,14,-,2,2,-,SPAL
987,Lucas Castro,19,2,-,2,-,SPAL
988,Alessandro Murgia,17,-,1,2,-,SPAL
989,Bryan Dabo,4,-,1,1,-,SPAL
990,Mattia Valoti,21,2,1,6,-,SPAL
991,Georgi Tunjov,3,-,-,-,-,SPAL
992,Gabriel Strefezza,20,1,2,5,-,SPAL
993,Marco Dalessandro,4,-,-,-,-,SPAL
994,Mohamed Fares,2,-,-,-,-,SPAL
995,Federico Di Francesco,15,2,1,4,-,SPAL
996,Andrea Petagna,24,11,1,5,-,SPAL
997,Alberto Cerri,11,1,-,1,-,SPAL
998,Sergio Floccari,19,-,-,2,-,SPAL
999,Gabriel,22,47,1,1,-,Lecce
1000,Mauro Vigorito,5,9,1,1,-,Lecce
1001,Gianmarco Chironi,-,-,-,-,-,Lecce
1002,Fabio Lucioni,25,1,-,6,-,Lecce
1003,Biagio Meccariello,9,-,-,2,-,Lecce
1004,Luca Rossettini,25,-,2,5,-,Lecce
1005,Nehuen Paz,6,-,1,1,-,Lecce
1006,Marco Calderoni,19,3,1,6,-,Lecce
1007,Cristian Dellorco,9,-,-,-,-,Lecce
1008,Brayan Vera,3,-,-,-,-,Lecce
1009,Giulio Donati,9,1,-,1,-,Lecce
1010,Andrea Rispoli,20,-,-,4,-,Lecce
1011,Jacopo Petriccione,20,-,4,7,-,Lecce
1012,Panagiotis Tachtsidis,19,-,1,4,-,Lecce
1013,Antonin Barak,13,1,-,1,-,Lecce
1014,Yevgen Shakhov,16,-,3,3,-,Lecce
1015,Zan Majer,20,1,2,7,-,Lecce
1016,Alessandro Deiola,9,1,1,2,-,Lecce
1017,Riccardo Saponara,7,1,3,2,1,Lecce
1018,Marco Mancosu,21,8,1,2,-,Lecce
1019,Diego Farias,12,2,1,2,1,Lecce
1020,Filippo Falco,19,3,3,-,-,Lecce
1021,Khouma Babacar,17,2,1,2,-,Lecce
1022,Gianluca Lapadula,19,7,-,7,1,Lecce
1023,Samuele Oltremarini,16,5,-,4,-,Lecce
1024,Salvatore Rimoli,16,8,-,-,-,Lecce
1025,Thibaut Courtois,24,16,12,-,-,Real Madrid
1026,Alphonse Areola,3,3,1,1,-,Real Madrid
1027,Raphael Varane,23,2,1,2,-,Real Madrid
1028,Eder Militao,9,-,-,2,-,Real Madrid
1029,Sergio Ramos,25,5,-,7,-,Real Madrid
1030,Nacho Fernandez,5,1,-,3,-,Real Madrid
1031,Ferland Mendy,16,-,2,4,-,Real Madrid
1032,Marcelo,11,-,3,2,-,Real Madrid
1033,Daniel Carvajal,22,1,5,8,-,Real Madrid
1034,Casemiro,25,3,2,8,-,Real Madrid
1035,Toni Kroos,24,3,5,1,-,Real Madrid
1036,Federico Valverde,22,2,4,1,-,Real Madrid
1037,Luka Modric,22,3,5,3,1,Real Madrid
1038,Isco,16,1,-,1,-,Real Madrid
1039,James Rodriguez,7,1,1,1,-,Real Madrid
1040,Reinier,3,2,1,1,-,Real Madrid
1041,Brahim Diaz,3,-,-,-,-,Real Madrid
1042,Eden Hazard,10,1,4,-,-,Real Madrid
1043,Vinicius Junior,19,2,1,3,-,Real Madrid
1044,Rodrygo,12,2,-,-,-,Real Madrid
1045,Gareth Bale,14,2,2,2,-,Real Madrid
1046,Lucas Vazquez,14,2,2,1,-,Real Madrid
1047,Karim Benzema,26,14,6,-,-,Real Madrid
1048,Luka Jovic,15,2,1,2,-,Real Madrid
1049,Mariano Diaz,2,1,-,-,-,Real Madrid
1050,Marc Andre Ter Stegen,26,29,8,-,-,Barcelona
1051,Neto,1,2,-,-,-,Barcelona
1052,Clement Lenglet,19,2,1,5,-,Barcelona
1053,Samuel Umtiti,11,-,-,4,-,Barcelona
1054,Gerard Pique,25,1,-,11,-,Barcelona
1055,Jordi Alba,17,1,1,4,-,Barcelona
1056,Junior Firpo,12,1,1,3,-,Barcelona
1057,Sergi Roberto,22,1,2,7,-,Barcelona
1058,Nelson Semedo,21,-,3,1,-,Barcelona
1059,Sergio Busquets,23,2,2,8,-,Barcelona
1060,Frenkie De Jong,26,2,2,1,-,Barcelona
1061,Arthur,16,3,3,1,-,Barcelona
1062,Ivan Rakitic,21,-,3,2,-,Barcelona
1063,Arturo Vidal,22,6,2,3,-,Barcelona
1064,Riqui Puig,21,2,3,9,-,Barcelona
1065,Antoine Griezmann,26,8,4,2,-,Barcelona
1066,Ansu Fati,16,4,1,2,-,Barcelona
1067,Arda Turan,9,-,-,2,-,Barcelona
1068,Lionel Messi,22,19,12,3,-,Barcelona
1069,Ousmane Dembele,5,1,-,1,1,Barcelona
1070,Luis Suarez,17,11,7,4,-,Barcelona
1071,Martin Braithwaite,27,6,1,3,-,Barcelona
1072,Alex Collado,24,5,5,4,-,Barcelona
1073,Jan Oblak,27,21,11,-,-,Atletico Madrid
1074,Antonio Adan,1,-,1,-,-,Atletico Madrid
1075,Jose Gimenez,11,-,-,-,-,Atletico Madrid
1076,Stefan Savic,14,-,-,3,-,Atletico Madrid
1077,Felipe,21,1,-,6,-,Atletico Madrid
1078,Mario Hermoso,14,-,-,2,-,Atletico Madrid
1079,Renan Lodi,23,1,2,4,-,Atletico Madrid
1080,Kieran Trippier,19,-,3,2,-,Atletico Madrid
1081,Santiago Arias,7,-,1,-,-,Atletico Madrid
1082,Sime Vrsaljko,5,-,1,3,-,Atletico Madrid
1083,Thomas,24,2,-,10,-,Atletico Madrid
1084,Marcos Llorente,18,1,-,3,-,Atletico Madrid
1085,Saul Niguez,26,3,-,6,-,Atletico Madrid
1086,Koke,22,2,4,4,-,Atletico Madrid
1087,Hector Herrera,14,-,1,-,-,Atletico Madrid
1088,Thomas Lemar,17,-,-,1,-,Atletico Madrid
1089,Yannick Carrasco,5,-,-,-,-,Atletico Madrid
1090,Vitolo,21,2,1,3,-,Atletico Madrid
1091,Angel Correa,22,5,7,5,-,Atletico Madrid
1092,Joao Felix,20,4,1,5,-,Atletico Madrid
1093,Alvaro Morata,23,8,1,3,-,Atletico Madrid
1094,Diego Costa,13,2,2,2,-,Atletico Madrid
1095,Ivan Saponjic,1,-,-,-,-,Atletico Madrid
1096,Jasper Cillessen,16,19,3,1,-,Valencia
1097,Jaume Domenech,12,20,4,1,-,Valencia
1098,Gabriel Paulista,24,1,-,5,-,Valencia
1099,Mouctar Diakhaby,16,-,-,3,-,Valencia
1100,Eliaquim Mangala,4,-,-,1,-,Valencia
1101,Ezequiel Garay,17,-,-,2,-,Valencia
1102,Jose Gaya,20,-,-,4,-,Valencia
1103,Jaume Costa,13,-,-,1,-,Valencia
1104,Alessandro Florenzi,3,-,-,1,1,Valencia
1105,Daniel Wass,25,1,6,5,-,Valencia
1106,Cristiano Piccini,2,-,-,-,-,Valencia
1107,Thierry Correia,2,-,-,-,-,Valencia
1108,Francis Coquelin,19,-,1,5,-,Valencia
1109,Dani Parejo,25,8,3,4,-,Valencia
1110,Geoffrey Kondogbia,17,1,-,4,-,Valencia
1111,Carlos Soler,18,2,-,3,-,Valencia
1112,Kang In Lee,11,1,-,2,1,Valencia
1113,Goncalo Guedes,10,-,1,-,-,Valencia
1114,Denis Cheryshev,15,1,1,5,-,Valencia
1115,Manu Vallejo,8,1,-,-,-,Valencia
1116,Ferran Torres,25,4,4,5,-,Valencia
1117,Rodrigo,21,2,9,2,1,Valencia
1118,Maxi Gomez,22,8,3,5,-,Valencia
1119,Kevin Gameiro,19,5,1,-,-,Valencia
1120,Ruben Sobrino,10,1,-,-,-,Valencia
1121,Hugo Guillamon,18,1,-,4,-,Valencia
1122,Alex Remiro,20,24,6,-,-,Real Sociedad San Sebastian
1123,Miguel Angel Moya,7,9,2,-,-,Real Sociedad San Sebastian
1124,Diego Llorente,19,-,2,2,-,Real Sociedad San Sebastian
1125,Robin Le Normand,21,1,-,5,-,Real Sociedad San Sebastian
1126,Aritz Elustondo,13,-,1,1,-,Real Sociedad San Sebastian
1127,Aihen Munoz,8,-,-,-,-,Real Sociedad San Sebastian
1128,Nacho Monreal,20,2,-,1,-,Real Sociedad San Sebastian
1129,Joseba Zaldua,24,-,2,6,-,Real Sociedad San Sebastian
1130,Andoni Gorosabel,6,-,-,-,-,Real Sociedad San Sebastian
1131,Igor Zubeldia,24,-,1,7,-,Real Sociedad San Sebastian
1132,Asier Illarramendi,3,-,-,-,-,Real Sociedad San Sebastian
1133,Mikel Merino,26,3,1,5,-,Real Sociedad San Sebastian
1134,Ander Guevara,14,-,-,4,-,Real Sociedad San Sebastian
1135,David Zurutuza,4,-,-,-,-,Real Sociedad San Sebastian
1136,Martin Odegaard,23,4,5,3,-,Real Sociedad San Sebastian
1137,Luca Sangalli,11,-,1,-,-,Real Sociedad San Sebastian
1138,Mikel Oyarzabal,26,8,6,3,-,Real Sociedad San Sebastian
1139,Ander Barrenetxea,12,-,-,-,-,Real Sociedad San Sebastian
1140,Portu,24,7,7,5,-,Real Sociedad San Sebastian
1141,Adnan Januzaj,17,2,3,2,-,Real Sociedad San Sebastian
1142,Willian Jose,26,9,-,4,-,Real Sociedad San Sebastian
1143,Alexander Isak,27,7,1,3,-,Real Sociedad San Sebastian
1144,Tomas Vaclik,26,27,10,-,-,Sevilla
1145,Bono,2,2,1,-,-,Sevilla
1146,Javi Diaz,-,-,-,-,-,Sevilla
1147,Diego Carlos,25,2,-,7,-,Sevilla
1148,Jules Kounde,19,1,1,3,-,Sevilla
1149,Sergi Gomez,8,-,-,2,-,Sevilla
1150,Sergio Reguilon,22,1,4,7,-,Sevilla
1151,Sergio Escudero,6,-,-,2,-,Sevilla
1152,Jesus Navas,27,-,4,4,-,Sevilla
1153,Fernando,24,1,2,10,-,Sevilla
1154,Nemanja Gudelj,16,-,-,5,-,Sevilla
1155,Joan Jordan,23,2,2,5,-,Sevilla
1156,Oliver Torres,20,1,3,5,-,Sevilla
1157,Ever Banega,23,2,6,6,-,Sevilla
1158,Franco Vazquez,23,3,-,4,-,Sevilla
1159,Nolito,15,3,1,-,-,Sevilla
1160,Lucas Ocampos,22,10,2,6,-,Sevilla
1161,Suso,6,1,1,-,-,Sevilla
1162,Rony Lopes,3,-,-,-,-,Sevilla
1163,Youssef En Nesyri,25,7,2,2,-,Sevilla
1164,Luuk De Jong,24,5,1,2,-,Sevilla
1165,Munir El Haddadi,10,2,1,1,-,Sevilla
1166,Joel Robles,26,36,5,3,1,Real Betis Sevilla
1167,Dani Martin,2,7,-,-,-,Real Betis Sevilla
1168,Marc Bartra,23,2,1,5,-,Real Betis Sevilla
1169,Aissa Mandi,22,-,-,8,-,Real Betis Sevilla
1170,Sidnei,9,1,-,1,-,Real Betis Sevilla
1171,Zouhair Feddal,10,-,1,7,2,Real Betis Sevilla
1172,Alfonso Pedraza,12,-,-,1,-,Real Betis Sevilla
1173,Alex Moreno,23,-,4,3,-,Real Betis Sevilla
1174,Emerson,23,3,5,8,-,Real Betis Sevilla
1175,Antonio Barragan,7,-,1,1,-,Real Betis Sevilla
1176,William Carvalho,9,-,-,4,1,Real Betis Sevilla
1177,Guido Rodriguez,5,-,-,2,-,Real Betis Sevilla
1178,Javi Garcia,7,-,-,2,-,Real Betis Sevilla
1179,Edgar Gonzalez,7,-,-,2,-,Real Betis Sevilla
1180,Carles Alena,12,-,-,1,-,Real Betis Sevilla
1181,Andres Guardado,20,-,3,9,-,Real Betis Sevilla
1182,Nabil Fekir,22,7,6,5,-,Real Betis Sevilla
1183,Sergio Canales,26,4,4,4,-,Real Betis Sevilla
1184,Diego Lainez,10,-,-,-,-,Real Betis Sevilla
1185,Cristian Tello,18,1,-,-,-,Real Betis Sevilla
1186,Juanmi,2,-,-,-,-,Real Betis Sevilla
1187,Joaquin,26,8,2,3,-,Real Betis Sevilla
1188,Loren Moron,26,9,2,2,1,Real Betis Sevilla
1189,Borja Iglesias,24,3,2,1,1,Real Betis Sevilla
1190,Unai Simon,24,20,10,2,-,Athletic Bilbao
1191,Iago Herrerin,3,3,-,-,-,Athletic Bilbao
1192,Inigo Martinez,24,-,1,7,-,Athletic Bilbao
1193,Yeray Alvarez,25,-,-,2,-,Athletic Bilbao
1194,Unai Nunez,12,-,-,5,-,Athletic Bilbao
1195,Yuri Berchiche,24,2,1,4,-,Athletic Bilbao
1196,Mikel Balenziaga,3,-,-,1,-,Athletic Bilbao
1197,Ander Capa,25,2,4,10,-,Athletic Bilbao
1198,Oscar De Marcos,4,-,-,-,-,Athletic Bilbao
1199,Inigo Lekue,10,-,1,-,-,Athletic Bilbao
1200,Mikel San Jose,9,-,-,3,-,Athletic Bilbao
1201,Mikel Vesga,9,-,-,2,-,Athletic Bilbao
1202,Dani Garcia,26,-,-,6,-,Athletic Bilbao
1203,Benat Etxebarria,11,-,-,-,-,Athletic Bilbao
1204,Unai Lopez,17,1,3,6,-,Athletic Bilbao
1205,Raul Garcia,25,9,1,8,-,Athletic Bilbao
1206,Oihan Sancet,14,6,1,5,-,Athletic Bilbao
1207,Iker Muniain,20,4,2,-,1,Athletic Bilbao
1208,Inigo Cordoba,14,1,2,4,-,Athletic Bilbao
1209,Ibai Gomez,14,-,-,-,-,Athletic Bilbao
1210,Gaizka Larrazabal,9,-,-,-,-,Athletic Bilbao
1211,Inaki Williams,27,6,1,2,-,Athletic Bilbao
1212,Asier Villalibre,9,1,-,-,-,Athletic Bilbao
1213,Aritz Aduriz,14,1,-,3,-,Athletic Bilbao
1214,Kenan Kodro,7,1,-,-,-,Athletic Bilbao
1215,Jon Sillero,23,-,-,5,-,Athletic Bilbao
1216,Sergio Asenjo,24,30,6,1,-,Villarreal
1217,Andres Fernandez,3,8,-,1,-,Villarreal
1218,Mariano Barbosa,-,-,-,-,-,Villarreal
1219,Pau Torres,24,1,1,4,-,Villarreal
1220,Ramiro Funes Mori,7,-,-,1,-,Villarreal
1221,Raul Albiol,26,1,-,8,-,Villarreal
1222,Soufiane Chakla,-,-,-,-,-,Villarreal
1223,Alberto Moreno,9,-,-,2,-,Villarreal
1224,Xavi Quintilla,16,-,2,5,-,Villarreal
1225,Ruben Pena,19,1,1,5,-,Villarreal
1226,Mario Gaspar,16,-,1,2,-,Villarreal
1227,Andre Zambo Anguissa,25,1,1,6,-,Villarreal
1228,Manu Trigueros,20,1,4,4,-,Villarreal
1229,Vicente Iborra,26,-,2,9,-,Villarreal
1230,Santi Cazorla,24,8,6,3,-,Villarreal
1231,Manu Morlanes,2,-,-,-,-,Villarreal
1232,Javi Ontiveros,21,2,2,1,-,Villarreal
1233,Moi Gomez,26,4,4,1,-,Villarreal
1234,Samu Chukwueze,26,3,3,1,-,Villarreal
1235,Paco Alcacer,6,2,2,1,-,Villarreal
1236,Gerard Moreno,25,11,4,4,-,Villarreal
1237,Carlos Bacca,12,1,-,1,-,Villarreal
1238,David Soria,27,25,12,1,-,Getafe
1239,Leandro Chichizola,-,-,-,-,-,Getafe
1240,Djene,25,-,-,3,-,Getafe
1241,Erick Cabaco,12,-,-,4,-,Getafe
1242,Xabi Etxeita,10,-,-,5,-,Getafe
1243,Chema,1,-,-,1,-,Getafe
1244,Vitorino Antunes,1,-,-,-,-,Getafe
1245,Mathi Shy As Olivera,13,-,1,2,-,Getafe
1246,Allan Nyom,25,2,-,10,-,Getafe
1247,Damian Suarez,22,1,4,12,-,Getafe
1248,David Timor,11,2,-,2,-,Getafe
1249,Mauro Arambarri,25,1,1,7,-,Getafe
1250,Nemanja Maksimovic,25,2,-,5,-,Getafe
1251,Oghenekaro Etebo,6,-,-,2,-,Getafe
1252,Faycal Fajr,7,-,-,2,-,Getafe
1253,Marc Cucurella,26,1,5,6,-,Getafe
1254,Kenedy,16,1,3,2,-,Getafe
1255,Amath Ndiaye,3,-,-,-,-,Getafe
1256,Jason,11,1,4,5,-,Getafe
1257,Francisco Portillo,13,-,1,2,-,Getafe
1258,Jaime Mata,24,8,4,10,-,Getafe
1259,Angel Rodriguez,24,10,2,4,-,Getafe
1260,Deyverson,4,-,1,2,-,Getafe
1261,Jorge Molina,24,5,2,4,1,Getafe
1262,Ruben Blanco,25,33,7,4,-,Celta Vigo
1263,Sergio Alvarez,2,1,1,2,-,Celta Vigo
1264,Ivan Villar,-,-,-,-,-,Celta Vigo
1265,Joseph Aidoo,23,-,1,4,-,Celta Vigo
1266,Jeison Murillo,8,-,-,2,-,Celta Vigo
1267,Nestor Araujo,25,1,1,8,-,Celta Vigo
1268,Jorge Saenz,3,-,-,1,1,Celta Vigo
1269,Lucas Olaza,25,1,5,4,-,Celta Vigo
1270,David Junca,3,-,-,1,-,Celta Vigo
1271,Hugo Mallo,21,-,1,7,-,Celta Vigo
1272,Kevin Vazquez,9,-,-,5,-,Celta Vigo
1273,Okay Yokuslu,16,-,1,3,-,Celta Vigo
1274,Filip Bradaric,4,-,-,-,1,Celta Vigo
1275,Fran Beltran,20,-,-,2,1,Celta Vigo
1276,Pape Cheikh,14,-,1,3,-,Celta Vigo
1277,Rafinha,22,2,1,2,-,Celta Vigo
1278,Denis Suarez,20,1,3,3,-,Celta Vigo
1279,Pione Sisto,19,2,-,2,-,Celta Vigo
1280,Brais Mendez,21,-,1,2,-,Celta Vigo
1281,Juan Hernandez,2,-,-,-,-,Celta Vigo
1282,Iago Aspas,26,9,2,6,-,Celta Vigo
1283,Santi Mina,24,3,2,4,-,Celta Vigo
1284,Fedor Smolov,6,1,-,2,-,Celta Vigo
1285,Gabriel Fernandez,16,1,1,2,-,Celta Vigo
1286,Oier Olazabal,-,-,-,-,-,Espanyol Barcelona
1287,Diego Lopez,27,46,3,2,-,Espanyol Barcelona
1288,Andres Prieto,-,-,-,1,-,Espanyol Barcelona
1289,Leandro Cabrera,25,2,-,4,-,Espanyol Barcelona
1290,Bernardo Espinosa,18,5,-,4,-,Espanyol Barcelona
1291,Fernando Calero,14,-,-,4,1,Espanyol Barcelona
1292,Naldo,16,-,1,8,-,Espanyol Barcelona
1293,Adria Pedrosa,14,1,-,1,-,Espanyol Barcelona
1294,Didac Vila,24,-,-,5,-,Espanyol Barcelona
1295,Victor Gomez,13,-,-,5,-,Espanyol Barcelona
1296,Sebastien Corchia,3,-,-,1,-,Espanyol Barcelona
1297,Javi Lopez,14,-,-,4,1,Espanyol Barcelona
1298,Pipa,2,-,-,1,-,Espanyol Barcelona
1299,Marc Roca,24,2,1,7,-,Espanyol Barcelona
1300,David Lopez,21,2,2,2,-,Espanyol Barcelona
1301,Ander Iturraspe,6,-,-,1,-,Espanyol Barcelona
1302,Sergi Darder,26,2,1,2,-,Espanyol Barcelona
1303,Victor Sanchez,21,-,1,8,-,Espanyol Barcelona
1304,Matias Vargas,16,-,6,1,-,Espanyol Barcelona
1305,Lei Wu,22,3,-,2,-,Espanyol Barcelona
1306,Oscar Melendo,14,-,-,-,-,Espanyol Barcelona
1307,Adrian Embarba,7,2,1,2,-,Espanyol Barcelona
1308,Raul De Tomas,6,4,-,1,-,Espanyol Barcelona
1309,Jonathan Calleri,19,1,3,2,-,Espanyol Barcelona
1310,Facundo Ferreyra,13,1,-,2,-,Espanyol Barcelona
1311,Victor Campuzano,16,-,-,5,-,Espanyol Barcelona
1312,Fernando Pacheco,24,34,6,-,-,Deportivo Alaves
1313,Roberto,-,-,-,-,-,Deportivo Alaves
1314,Victor Laguardia,21,1,2,7,1,Deportivo Alaves
1315,Lisandro Magallan,11,1,-,4,-,Deportivo Alaves
1316,Ximo Navarro,17,-,-,8,-,Deportivo Alaves
1317,Rodrigo Ely,18,1,-,7,-,Deportivo Alaves
1318,Tachi,2,-,-,-,-,Deportivo Alaves
1319,Ruben Duarte,25,-,2,9,-,Deportivo Alaves
1320,Adrian Marin,4,-,-,-,-,Deportivo Alaves
1321,Martin Aguirregabiria,22,-,1,3,-,Deportivo Alaves
1322,Pere Pons,22,1,2,1,-,Deportivo Alaves
1323,Ljubomir Fejsa,5,-,-,1,-,Deportivo Alaves
1324,Manu Garcia,25,-,-,8,-,Deportivo Alaves
1325,Jeando Fuchs,6,-,-,1,-,Deportivo Alaves
1326,Victor Camarasa,7,-,-,1,-,Deportivo Alaves
1327,Tomas Pina,13,1,1,3,-,Deportivo Alaves
1328,Ismael Gutierrez,3,-,-,1,-,Deportivo Alaves
1329,Luis Rioja,19,-,-,2,-,Deportivo Alaves
1330,Borja Sainz,12,-,-,1,-,Deportivo Alaves
1331,Oliver Burke,21,1,1,1,-,Deportivo Alaves
1332,Aleix Vidal,25,2,5,6,-,Deportivo Alaves
1333,Edgar Mendez,5,1,-,1,-,Deportivo Alaves
1334,Lucas Perez,26,11,5,3,-,Deportivo Alaves
1335,Joselu,26,9,3,5,-,Deportivo Alaves
1336,Aitor Fernandez,27,40,4,2,-,Ud Levante
1337,Koke Vegas,-,-,-,-,-,Ud Levante
1338,Ruben Vezo,19,-,-,4,-,Ud Levante
1339,Sergio Postigo,20,1,-,5,-,Ud Levante
1340,Bruno Gonzalez,5,-,-,1,-,Ud Levante
1341,Oscar Duarte,6,-,-,-,-,Ud Levante
1342,Carlos Clerc,14,-,2,7,-,Ud Levante
1343,Tono,14,-,2,-,-,Ud Levante
1344,Jorge Miramon,27,-,3,6,-,Ud Levante
1345,Coke,11,-,-,2,-,Ud Levante
1346,Nemanja Radoja,17,1,-,2,-,Ud Levante
1347,Nikola Vukcevic,22,-,2,8,-,Ud Levante
1348,Enis Bardhi,21,2,3,4,-,Ud Levante
1349,Jose Campana,26,2,5,2,-,Ud Levante
1350,Gonzalo Melero,16,1,1,3,-,Ud Levante
1351,Ruben Rochina,19,4,1,4,-,Ud Levante
1352,Hernani,11,2,-,-,-,Ud Levante
1353,Roger Marti,26,11,-,4,-,Ud Levante
1354,Jose Luis Morales,27,2,2,2,-,Ud Levante
1355,Borja Mayoral,26,5,1,2,-,Ud Levante
1356,Sergio Leon,18,1,-,2,-,Ud Levante
1357,Juan Soriano,11,18,1,2,-,Cd Leganes
1358,Ivan Cuellar,16,21,3,1,-,Cd Leganes
1359,Pablo Lombo,-,-,-,-,-,Cd Leganes
1360,Dimitrios Siovas,18,-,-,4,-,Cd Leganes
1361,Chidozie Awaziem,18,-,-,7,-,Cd Leganes
1362,Unai Bustinza,24,-,1,3,-,Cd Leganes
1363,Kenneth Omeruo,19,1,-,5,-,Cd Leganes
1364,Rodrigo Tarin,7,-,-,1,-,Cd Leganes
1365,Jonathan Silva,24,-,-,11,-,Cd Leganes
1366,Kevin Rodrigues,19,1,2,3,-,Cd Leganes
1367,Roberto Rosales,15,-,1,4,-,Cd Leganes
1368,Marc Navarro,4,-,-,1,-,Cd Leganes
1369,Ruben Perez,17,-,-,5,-,Cd Leganes
1370,Ibrahim Amadou,1,-,-,-,-,Cd Leganes
1371,Roque Mesa,20,1,2,8,-,Cd Leganes
1372,Recio,19,-,-,9,-,Cd Leganes
1373,Oscar Rodriguez,26,7,2,4,1,Cd Leganes
1374,Javi Eraso,15,-,-,2,-,Cd Leganes
1375,Bryan Gil,5,-,-,4,-,Cd Leganes
1376,Aitor Ruibal,14,-,-,2,-,Cd Leganes
1377,Roger Assale,4,-,1,-,-,Cd Leganes
1378,Guido Carrillo,20,1,2,1,-,Cd Leganes
1379,Miguel Angel Guerrero,2,-,-,-,-,Cd Leganes
1380,Jordi Masip,27,33,8,2,-,Real Valladolid
1381,Jose Antonio Caro,-,-,-,-,-,Real Valladolid
1382,Mohammed Salisu,27,1,1,2,-,Real Valladolid
1383,Kiko Olivas,27,1,-,1,-,Real Valladolid
1384,Javi Sanchez,-,-,-,-,-,Real Valladolid
1385,Nacho Martinez,14,-,2,2,-,Real Valladolid
1386,Raul Garcia,11,-,1,2,-,Real Valladolid
1387,Pedro Porro,13,-,-,1,-,Real Valladolid
1388,Antonito,9,-,-,1,-,Real Valladolid
1389,Javi Moyano,19,-,-,3,-,Real Valladolid
1390,Joaquin Fernandez,14,1,-,7,-,Real Valladolid
1391,Ruben Alcaraz,17,1,1,7,-,Real Valladolid
1392,Fede San Emeterio,14,-,-,3,-,Real Valladolid
1393,Michel,24,1,1,4,-,Real Valladolid
1394,Hatem Ben Arfa,2,-,-,1,-,Real Valladolid
1395,Toni Villa,18,-,1,4,-,Real Valladolid
1396,Waldo Rubio,12,-,1,3,-,Real Valladolid
1397,Oscar Plano,27,3,4,3,-,Real Valladolid
1398,Pablo Hervias,14,1,-,-,-,Real Valladolid
1399,Sergi Guardiola,25,6,2,5,-,Real Valladolid
1400,Enes Unal,24,4,2,2,-,Real Valladolid
1401,Sandro Ramirez,19,3,1,2,-,Real Valladolid
1402,Stiven Plaza,-,-,-,-,-,Real Valladolid
1403,Fabri,1,3,-,1,-,Rcd Mallorca
1404,Manolo Reina,26,41,4,4,-,Rcd Mallorca
1405,Miquel Parera,-,-,-,-,-,Rcd Mallorca
1406,Martin Valjent,27,-,-,4,-,Rcd Mallorca
1407,Antonio Raillo,23,1,-,4,-,Rcd Mallorca
1408,Aleksandar Sedlar,5,-,-,1,-,Rcd Mallorca
1409,Xisco Campos,7,-,-,1,-,Rcd Mallorca
1410,Leonardo Koutris,2,-,-,-,-,Rcd Mallorca
1411,Abdul Rahman Baba,2,-,-,1,-,Rcd Mallorca
1412,Lumor,20,-,-,3,-,Rcd Mallorca
1413,Joan Sastre,15,-,2,4,-,Rcd Mallorca
1414,Fran Gamez,14,-,1,2,-,Rcd Mallorca
1415,Sung Yong Ki,1,-,-,-,-,Rcd Mallorca
1416,Aleix Febas,23,-,3,3,-,Rcd Mallorca
1417,Iddrisu Baba,25,-,-,5,-,Rcd Mallorca
1418,Marc Pedraza,2,-,-,-,-,Rcd Mallorca
1419,Salva Sevilla,24,3,3,7,-,Rcd Mallorca
1420,Dani Rodriguez,27,5,3,4,-,Rcd Mallorca
1421,Josep Sene,4,-,-,-,-,Rcd Mallorca
1422,Lago Junior,24,4,-,2,-,Rcd Mallorca
1423,Aleksandar Trajkovski,7,-,-,-,-,Rcd Mallorca
1424,Takefusa Kubo,24,3,3,2,-,Rcd Mallorca
1425,Alejandro Pozo,11,-,1,-,-,Rcd Mallorca
1426,Yannis Salibur,2,-,-,-,-,Rcd Mallorca
1427,Ante Budimir,25,9,3,6,-,Rcd Mallorca
1428,Cucho Hernandez,12,2,1,3,-,Rcd Mallorca
1429,Pablo Chavarria,7,-,-,1,-,Rcd Mallorca
1430,Abdon Prats,13,-,-,1,-,Rcd Mallorca
1431,Sergio Herrera,12,21,4,2,1,Ca Osasuna
1432,Ruben Martinez,15,14,5,-,-,Ca Osasuna
1433,Juan Perez,2,3,-,-,-,Ca Osasuna
1434,Aridane Hernandez,21,3,-,5,-,Ca Osasuna
1435,David Garcia,23,-,-,4,-,Ca Osasuna
1436,Facundo Roncaglia,12,1,-,2,1,Ca Osasuna
1437,Raul Navas,5,-,-,1,-,Ca Osasuna
1438,Unai Garcia,4,1,-,-,-,Ca Osasuna
1439,Pervis Estupinan,26,1,4,6,-,Ca Osasuna
1440,Toni Lato,1,-,-,-,-,Ca Osasuna
1441,Nacho Vidal,19,-,-,5,-,Ca Osasuna
1442,Oier,20,2,-,8,-,Ca Osasuna
1443,Jon Moncayola,18,1,-,4,-,Ca Osasuna
1444,Darko Brasanac,21,-,1,7,-,Ca Osasuna
1445,Fran Merida,17,-,-,6,-,Ca Osasuna
1446,Inigo Perez,12,1,-,1,-,Ca Osasuna
1447,Ruben Garcia,24,6,2,5,-,Ca Osasuna
1448,Roberto Torres,26,6,7,1,-,Ca Osasuna
1449,Jose Manuel Arnaiz,16,-,-,2,-,Ca Osasuna
1450,Robert Ibanez,14,1,-,3,-,Ca Osasuna
1451,Kike Barja,1,-,-,-,-,Ca Osasuna
1452,Chimy Avila,20,9,3,6,-,Ca Osasuna
1453,Adrian Lopez,17,-,-,-,-,Ca Osasuna
1454,Marc Cardona,13,1,1,1,-,Ca Osasuna
1455,Enric Gallego,11,-,-,2,-,Ca Osasuna
1456,Marko Dmitrovic,26,41,7,3,-,Sd Eibar
1457,Yoel Rodriguez,1,-,1,1,-,Sd Eibar
1458,Paulo Oliveira,19,1,-,5,-,Sd Eibar
1459,Pedro Bigas,14,1,-,2,-,Sd Eibar
1460,Anaitz Arbilla,20,1,-,5,-,Sd Eibar
1461,Esteban Burgos,7,1,-,2,-,Sd Eibar
1462,Ivan Ramis,7,1,-,1,-,Sd Eibar
1463,Jose Angel,21,1,1,4,-,Sd Eibar
1464,Rafa Soares,-,-,-,-,-,Sd Eibar
1465,Alvaro Tejero,15,-,-,3,-,Sd Eibar
1466,Roberto Correa,5,-,-,-,-,Sd Eibar
1467,Pape Diop,21,1,-,6,-,Sd Eibar
1468,Gonzalo Escalante,20,-,2,5,-,Sd Eibar
1469,Edu Exposito,25,2,1,3,-,Sd Eibar
1470,Sergio Alvarez,11,-,-,4,-,Sd Eibar
1471,Sebastian Cristoforo,7,-,-,-,-,Sd Eibar
1472,Takashi Inui,20,1,4,2,-,Sd Eibar
1473,Pablo De Blasis,21,-,2,-,-,Sd Eibar
1474,Fabian Orellana,24,7,6,8,1,Sd Eibar
1475,Pedro Leon,23,1,-,3,-,Sd Eibar
1476,Sergi Enrich,20,1,3,4,-,Sd Eibar
1477,Kike,17,3,-,2,-,Sd Eibar
1478,Charles,21,5,-,5,-,Sd Eibar
1479,Quique,11,-,1,-,-,Sd Eibar
1480,Rui Silva,26,31,10,1,-,Granada
1481,Aaron Escandell,1,1,-,-,-,Granada
1482,Jesus Vallejo,3,-,-,-,-,Granada
1483,Domingos Duarte,26,2,-,6,-,Granada
1484,Jose Antonio Martinez,16,-,-,-,-,Granada
1485,German Sanchez,19,2,-,7,-,Granada
1486,Carlos Neva,17,-,-,1,-,Granada
1487,Alex Martinez,1,-,-,1,-,Granada
1488,Ismail Koybasi,3,-,-,1,-,Granada
1489,Dimitri Foulquier,9,1,-,2,-,Granada
1490,Victor Diaz,25,-,6,3,-,Granada
1491,Quini,10,-,-,2,-,Granada
1492,Yangel Herrera,20,2,2,9,-,Granada
1493,Maxime Gonalons,18,-,-,6,-,Granada
1494,Angel Montoro,12,1,4,5,-,Granada
1495,Yan Brice,17,-,-,4,-,Granada
1496,Ramon Azeez,17,2,-,3,-,Granada
1497,Fede Vico,9,1,1,1,-,Granada
1498,Darwin Machis,26,6,3,3,-,Granada
1499,Gil Dias,2,-,-,-,-,Granada
1500,Alvaro Vadillo,22,3,1,-,-,Granada
1501,Antonio Puertas,26,5,1,5,-,Granada
1502,Carlos Fernandez,23,5,4,6,-,Granada
1503,Antonin,-,-,-,-,-,Granada
1504,Roberto Soldado,23,2,5,11,-,Granada