Home team,Away team,result,date
Athletic,FC Barcelona,1:0,16/08/19
Celta de Vigo,Real Madrid,1:3,16/08/19
Valencia,Real Sociedad,1:1,16/08/19
RCD Mallorca,SD Eibar,2:1,16/08/19
CD Leganés,CA Osasuna,0:1,16/08/19
Villarreal,Granada CF,4:4,16/08/19
Alavés,Levante,1:0,16/08/19
Espanyol,Sevilla FC,0:2,16/08/19
Real Betis,Real Valladolid,1:2,16/08/19
Atlético Madrid,Getafe,1:0,16/08/19
Granada CF,Sevilla FC,0:1,23/08/19
Levante,Villarreal,2:1,23/08/19
CA Osasuna,SD Eibar,0:0,23/08/19
Real Madrid,Real Valladolid,1:1,23/08/19
Celta de Vigo,Valencia,1:0,23/08/19
Getafe,Athletic,1:1,23/08/19
Alavés,Espanyol,0:0,23/08/19
RCD Mallorca,Real Sociedad,0:1,23/08/19
CD Leganés,Atlético Madrid,0:1,23/08/19
FC Barcelona,Real Betis,5:2,23/08/19
Sevilla FC,Celta de Vigo,1:1,31/08/19
Athletic,Real Sociedad,2:0,31/08/19
CA Osasuna,FC Barcelona,2:2,31/08/19
Getafe,Alavés,1:1,31/08/19
Levante,Real Valladolid,2:0,31/08/19
Real Betis,CD Leganés,2:1,31/08/19
Valencia,RCD Mallorca,2:0,31/08/19
Atlético Madrid,SD Eibar,3:2,31/08/19
Espanyol,Granada CF,0:3,31/08/19
Villarreal,Real Madrid,2:2,31/08/19
RCD Mallorca,Athletic,0:0,13/09/19
Real Madrid,Levante,3:2,13/09/19
CD Leganés,Villarreal,0:3,13/09/19
Real Sociedad,Atlético Madrid,2:0,13/09/19
FC Barcelona,Valencia,5:2,13/09/19
SD Eibar,Espanyol,1:2,13/09/19
Alavés,Sevilla FC,0:1,13/09/19
Celta de Vigo,Granada CF,0:2,13/09/19
Real Valladolid,CA Osasuna,1:1,13/09/19
Real Betis,Getafe,1:1,13/09/19
CA Osasuna,Real Betis,0:0,20/09/19
Villarreal,Real Valladolid,2:0,20/09/19
Levante,SD Eibar,0:0,20/09/19
Atlético Madrid,Celta de Vigo,0:0,20/09/19
Granada CF,FC Barcelona,2:0,20/09/19
Getafe,RCD Mallorca,4:2,20/09/19
Espanyol,Real Sociedad,1:3,20/09/19
Valencia,CD Leganés,1:1,20/09/19
Athletic,Alavés,2:0,20/09/19
Sevilla FC,Real Madrid,0:1,20/09/19
Real Valladolid,Granada CF,1:1,24/09/19
Real Betis,Levante,3:1,24/09/19
FC Barcelona,Villarreal,2:1,24/09/19
CD Leganés,Athletic,1:1,24/09/19
RCD Mallorca,Atlético Madrid,0:2,24/09/19
Valencia,Getafe,3:3,24/09/19
Real Madrid,CA Osasuna,2:0,24/09/19
SD Eibar,Sevilla FC,3:2,24/09/19
Celta de Vigo,Espanyol,1:1,24/09/19
Real Sociedad,Alavés,3:0,24/09/19
Villarreal,Real Betis,5:1,28/09/19
Athletic,Valencia,0:1,28/09/19
Getafe,FC Barcelona,0:2,28/09/19
Granada CF,CD Leganés,1:0,28/09/19
Atlético Madrid,Real Madrid,0:0,28/09/19
Espanyol,Real Valladolid,0:2,28/09/19
SD Eibar,Celta de Vigo,2:0,28/09/19
Alavés,RCD Mallorca,2:0,28/09/19
Levante,CA Osasuna,1:1,28/09/19
Sevilla FC,Real Sociedad,3:2,28/09/19
Real Betis,SD Eibar,1:1,04/10/19
CD Leganés,Levante,1:2,04/10/19
Real Madrid,Granada CF,4:2,04/10/19
Valencia,Alavés,2:1,04/10/19
CA Osasuna,Villarreal,2:1,04/10/19
RCD Mallorca,Espanyol,2:0,04/10/19
Celta de Vigo,Athletic,1:0,04/10/19
Real Valladolid,Atlético Madrid,0:0,04/10/19
Real Sociedad,Getafe,1:2,04/10/19
FC Barcelona,Sevilla FC,4:0,04/10/19
Granada CF,CA Osasuna,1:0,18/10/19
SD Eibar,FC Barcelona,0:3,18/10/19
Atlético Madrid,Valencia,1:1,18/10/19
Getafe,CD Leganés,2:0,18/10/19
RCD Mallorca,Real Madrid,1:0,18/10/19
Alavés,Celta de Vigo,2:0,18/10/19
Real Sociedad,Real Betis,3:1,18/10/19
Espanyol,Villarreal,0:1,18/10/19
Athletic,Real Valladolid,1:1,18/10/19
Sevilla FC,Levante,1:0,18/10/19
Villarreal,Alavés,4:1,25/10/19
CD Leganés,RCD Mallorca,1:0,25/10/19
Real Valladolid,SD Eibar,2:0,25/10/19
Atlético Madrid,Athletic,2:0,25/10/19
Celta de Vigo,Real Sociedad,0:1,25/10/19
Granada CF,Real Betis,1:0,25/10/19
Levante,Espanyol,0:1,25/10/19
Sevilla FC,Getafe,2:0,25/10/19
CA Osasuna,Valencia,3:1,25/10/19
FC Barcelona,Real Madrid,0:0,25/10/19
Alavés,Atlético Madrid,1:1,29/10/19
FC Barcelona,Real Valladolid,5:1,29/10/19
Real Sociedad,Levante,1:2,29/10/19
Valencia,Sevilla FC,1:1,29/10/19
Athletic,Espanyol,3:0,29/10/19
Real Betis,Celta de Vigo,2:1,29/10/19
Real Madrid,CD Leganés,5:0,29/10/19
SD Eibar,Villarreal,2:1,29/10/19
RCD Mallorca,CA Osasuna,2:2,29/10/19
Getafe,Granada CF,3:1,29/10/19
Espanyol,Valencia,1:2,02/11/19
Levante,FC Barcelona,3:1,02/11/19
Sevilla FC,Atlético Madrid,1:1,02/11/19
Real Madrid,Real Betis,0:0,02/11/19
Real Valladolid,RCD Mallorca,3:0,02/11/19
Villarreal,Athletic,0:0,02/11/19
CA Osasuna,Alavés,4:2,02/11/19
Celta de Vigo,Getafe,0:1,02/11/19
CD Leganés,SD Eibar,1:2,02/11/19
Granada CF,Real Sociedad,1:2,02/11/19
Real Sociedad,CD Leganés,1:1,08/11/19
Alavés,Real Valladolid,3:0,08/11/19
Valencia,Granada CF,2:0,08/11/19
SD Eibar,Real Madrid,0:4,08/11/19
FC Barcelona,Celta de Vigo,4:1,08/11/19
RCD Mallorca,Villarreal,3:1,08/11/19
Athletic,Levante,2:1,08/11/19
Atlético Madrid,Espanyol,3:1,08/11/19
Getafe,CA Osasuna,0:0,08/11/19
Real Betis,Sevilla FC,1:2,08/11/19
Levante,RCD Mallorca,2:1,22/11/19
CD Leganés,FC Barcelona,1:2,22/11/19
Real Betis,Valencia,2:1,22/11/19
Granada CF,Atlético Madrid,1:1,22/11/19
Real Madrid,Real Sociedad,3:1,22/11/19
Espanyol,Getafe,1:1,22/11/19
CA Osasuna,Athletic,1:2,22/11/19
SD Eibar,Alavés,0:2,22/11/19
Villarreal,Celta de Vigo,1:3,22/11/19
Real Valladolid,Sevilla FC,0:1,22/11/19
Celta de Vigo,Real Valladolid,0:0,29/11/19
Alavés,Real Madrid,1:2,29/11/19
Real Sociedad,SD Eibar,4:1,29/11/19
RCD Mallorca,Real Betis,1:2,29/11/19
Valencia,Villarreal,2:1,29/11/19
Sevilla FC,CD Leganés,1:0,29/11/19
Athletic,Granada CF,2:0,29/11/19
Espanyol,CA Osasuna,2:4,29/11/19
Getafe,Levante,4:0,29/11/19
Atlético Madrid,FC Barcelona,0:1,29/11/19
Villarreal,Atlético Madrid,0:0,06/12/19
Real Madrid,Espanyol,2:0,06/12/19
Granada CF,Alavés,3:0,06/12/19
Levante,Valencia,2:4,06/12/19
FC Barcelona,RCD Mallorca,5:2,06/12/19
SD Eibar,Getafe,0:1,06/12/19
Real Betis,Athletic,3:2,06/12/19
Real Valladolid,Real Sociedad,0:0,06/12/19
CD Leganés,Celta de Vigo,3:2,06/12/19
CA Osasuna,Sevilla FC,1:1,06/12/19
Alavés,CD Leganés,1:1,13/12/19
Granada CF,Levante,1:2,13/12/19
Real Sociedad,FC Barcelona,2:2,13/12/19
Athletic,SD Eibar,0:0,13/12/19
Atlético Madrid,CA Osasuna,2:0,13/12/19
Getafe,Real Valladolid,2:0,13/12/19
Celta de Vigo,RCD Mallorca,2:2,13/12/19
Espanyol,Real Betis,2:2,13/12/19
Sevilla FC,Villarreal,1:2,13/12/19
Valencia,Real Madrid,1:1,13/12/19
SD Eibar,Granada CF,3:0,20/12/19
RCD Mallorca,Sevilla FC,0:2,20/12/19
FC Barcelona,Alavés,4:1,20/12/19
Villarreal,Getafe,1:0,20/12/19
Real Valladolid,Valencia,1:1,20/12/19
CD Leganés,Espanyol,2:0,20/12/19
CA Osasuna,Real Sociedad,3:4,20/12/19
Real Betis,Atlético Madrid,1:2,20/12/19
Levante,Celta de Vigo,3:1,20/12/19
Real Madrid,Athletic,0:0,20/12/19
Real Valladolid,CD Leganés,2:2,03/01/20
Sevilla FC,Athletic,1:1,03/01/20
Valencia,SD Eibar,1:0,03/01/20
Getafe,Real Madrid,0:3,03/01/20
Atlético Madrid,Levante,2:1,03/01/20
Espanyol,FC Barcelona,2:2,03/01/20
Granada CF,RCD Mallorca,1:0,03/01/20
Real Sociedad,Villarreal,1:2,03/01/20
Alavés,Real Betis,1:1,03/01/20
Celta de Vigo,CA Osasuna,1:1,17/01/20
CD Leganés,Getafe,0:3,17/01/20
Levante,Alavés,0:1,17/01/20
Real Madrid,Sevilla FC,2:1,17/01/20
CA Osasuna,Real Valladolid,0:0,17/01/20
SD Eibar,Atlético Madrid,2:0,17/01/20
RCD Mallorca,Valencia,4:1,17/01/20
Real Betis,Real Sociedad,3:0,17/01/20
Villarreal,Espanyol,1:2,17/01/20
Athletic,Celta de Vigo,1:1,17/01/20
FC Barcelona,Granada CF,1:0,17/01/20
CA Osasuna,Levante,2:0,24/01/20
Espanyol,Athletic,1:1,24/01/20
Valencia,FC Barcelona,2:0,24/01/20
Alavés,Villarreal,1:2,24/01/20
Sevilla FC,Granada CF,2:0,24/01/20
Atlético Madrid,CD Leganés,0:0,24/01/20
Celta de Vigo,SD Eibar,0:0,24/01/20
Getafe,Real Betis,1:0,24/01/20
Real Sociedad,RCD Mallorca,3:0,24/01/20
Real Valladolid,Real Madrid,0:1,24/01/20
Granada CF,Espanyol,2:1,01/02/20
Real Madrid,Atlético Madrid,1:0,01/02/20
RCD Mallorca,Real Valladolid,0:1,01/02/20
Valencia,Celta de Vigo,1:0,01/02/20
CD Leganés,Real Sociedad,2:1,01/02/20
SD Eibar,Real Betis,1:1,01/02/20
Athletic,Getafe,0:2,01/02/20
Sevilla FC,Alavés,1:1,01/02/20
Villarreal,CA Osasuna,3:1,01/02/20
FC Barcelona,Levante,2:1,01/02/20
Alavés,SD Eibar,2:1,07/02/20
Levante,CD Leganés,2:0,07/02/20
Getafe,Valencia,3:0,07/02/20
Real Valladolid,Villarreal,1:1,07/02/20
Atlético Madrid,Granada CF,1:0,07/02/20
Espanyol,RCD Mallorca,1:0,07/02/20
Real Sociedad,Athletic,2:1,07/02/20
CA Osasuna,Real Madrid,1:4,07/02/20
Celta de Vigo,Sevilla FC,2:1,07/02/20
Real Betis,FC Barcelona,2:3,07/02/20
Valencia,Atlético Madrid,2:2,14/02/20
RCD Mallorca,Alavés,1:0,14/02/20
FC Barcelona,Getafe,2:1,14/02/20
Villarreal,Levante,2:1,14/02/20
Granada CF,Real Valladolid,2:1,14/02/20
Sevilla FC,Espanyol,2:2,14/02/20
CD Leganés,Real Betis,0:0,14/02/20
Athletic,CA Osasuna,0:1,14/02/20
Real Madrid,Celta de Vigo,2:2,14/02/20
SD Eibar,Real Sociedad,1:2,14/02/20
Real Betis,RCD Mallorca,3:3,21/02/20
Celta de Vigo,CD Leganés,1:0,21/02/20
FC Barcelona,SD Eibar,5:0,21/02/20
Real Sociedad,Valencia,3:0,21/02/20
Levante,Real Madrid,1:0,21/02/20
CA Osasuna,Granada CF,0:3,21/02/20
Alavés,Athletic,2:1,21/02/20
Real Valladolid,Espanyol,2:1,21/02/20
Getafe,Sevilla FC,0:3,21/02/20
Atlético Madrid,Villarreal,3:1,21/02/20
Real Sociedad,Real Valladolid,1:0,28/02/20
SD Eibar,Levante,3:0,28/02/20
Valencia,Real Betis,2:1,28/02/20
CD Leganés,Alavés,1:1,28/02/20
Granada CF,Celta de Vigo,0:0,28/02/20
Sevilla FC,CA Osasuna,3:2,28/02/20
Athletic,Villarreal,1:0,28/02/20
Espanyol,Atlético Madrid,1:1,28/02/20
RCD Mallorca,Getafe,0:1,28/02/20
Real Madrid,FC Barcelona,2:0,28/02/20
Alavés,Valencia,1:1,06/03/20
SD Eibar,RCD Mallorca,1:2,06/03/20
Atlético Madrid,Sevilla FC,2:2,06/03/20
FC Barcelona,Real Sociedad,1:0,06/03/20
Getafe,Celta de Vigo,0:0,06/03/20
CA Osasuna,Espanyol,1:0,06/03/20
Real Valladolid,Athletic,1:4,06/03/20
Levante,Granada CF,1:1,06/03/20
Villarreal,CD Leganés,1:2,06/03/20
Real Betis,Real Madrid,2:1,06/03/20
Athletic,Atlético Madrid,ppd.,15/03/20
Celta de Vigo,Villarreal,ppd.,15/03/20
Espanyol,Alavés,ppd.,15/03/20
Granada CF,Getafe,ppd.,15/03/20
CD Leganés,Real Valladolid,ppd.,15/03/20
RCD Mallorca,FC Barcelona,ppd.,15/03/20
Real Madrid,SD Eibar,ppd.,15/03/20
Real Sociedad,CA Osasuna,ppd.,15/03/20
Sevilla FC,Real Betis,ppd.,15/03/20
Valencia,Levante,ppd.,15/03/20
Alavés,Real Sociedad,ppd.,22/03/20
FC Barcelona,CD Leganés,ppd.,22/03/20
Real Betis,Granada CF,ppd.,22/03/20
SD Eibar,Athletic,ppd.,22/03/20
Getafe,Espanyol,ppd.,22/03/20
Levante,Sevilla FC,ppd.,22/03/20
CA Osasuna,Atlético Madrid,ppd.,22/03/20
Real Madrid,Valencia,ppd.,22/03/20
Villarreal,RCD Mallorca,ppd.,22/03/20
Real Valladolid,Celta de Vigo,ppd.,22/03/20
Athletic,Real Betis,ppd.,05/04/20
Atlético Madrid,Real Valladolid,ppd.,05/04/20
Celta de Vigo,Alavés,ppd.,05/04/20
Espanyol,Levante,ppd.,05/04/20
Getafe,SD Eibar,ppd.,05/04/20
Granada CF,Villarreal,ppd.,05/04/20
RCD Mallorca,CD Leganés,ppd.,05/04/20
Real Sociedad,Real Madrid,ppd.,05/04/20
Sevilla FC,FC Barcelona,ppd.,05/04/20
Valencia,CA Osasuna,ppd.,05/04/20
Alavés,CA Osasuna,ppd.,12/04/20
FC Barcelona,Athletic,ppd.,12/04/20
Real Betis,Espanyol,ppd.,12/04/20
SD Eibar,Valencia,ppd.,12/04/20
CD Leganés,Granada CF,ppd.,12/04/20
Levante,Atlético Madrid,ppd.,12/04/20
Real Madrid,RCD Mallorca,ppd.,12/04/20
Real Sociedad,Celta de Vigo,ppd.,12/04/20
Villarreal,Sevilla FC,ppd.,12/04/20
Real Valladolid,Getafe,ppd.,12/04/20
Athletic,RCD Mallorca,ppd.,22/04/20
Atlético Madrid,Alavés,ppd.,22/04/20
Celta de Vigo,FC Barcelona,ppd.,22/04/20
Espanyol,Real Madrid,ppd.,22/04/20
Getafe,Real Sociedad,ppd.,22/04/20
Granada CF,SD Eibar,ppd.,22/04/20
Levante,Real Betis,ppd.,22/04/20
CA Osasuna,CD Leganés,ppd.,22/04/20
Sevilla FC,Real Valladolid,ppd.,22/04/20
Villarreal,Valencia,ppd.,22/04/20
Alavés,Granada CF,ppd.,26/04/20
FC Barcelona,Atlético Madrid,ppd.,26/04/20
Real Betis,Villarreal,ppd.,26/04/20
SD Eibar,CA Osasuna,ppd.,26/04/20
CD Leganés,Sevilla FC,ppd.,26/04/20
RCD Mallorca,Celta de Vigo,ppd.,26/04/20
Real Madrid,Getafe,ppd.,26/04/20
Real Sociedad,Espanyol,ppd.,26/04/20
Valencia,Athletic,ppd.,26/04/20
Real Valladolid,Levante,ppd.,26/04/20
Athletic,Real Madrid,ppd.,03/05/20
Atlético Madrid,RCD Mallorca,ppd.,03/05/20
Celta de Vigo,Real Betis,ppd.,03/05/20
Espanyol,CD Leganés,ppd.,03/05/20
Granada CF,Valencia,ppd.,03/05/20
Levante,Real Sociedad,ppd.,03/05/20
CA Osasuna,Getafe,ppd.,03/05/20
Sevilla FC,SD Eibar,ppd.,03/05/20
Villarreal,FC Barcelona,ppd.,03/05/20
Real Valladolid,Alavés,ppd.,03/05/20
Athletic,Sevilla FC,ppd.,10/05/20
FC Barcelona,Espanyol,ppd.,10/05/20
Real Betis,CA Osasuna,ppd.,10/05/20
Celta de Vigo,Atlético Madrid,ppd.,10/05/20
SD Eibar,CD Leganés,ppd.,10/05/20
Getafe,Villarreal,ppd.,10/05/20
RCD Mallorca,Levante,ppd.,10/05/20
Real Madrid,Alavés,ppd.,10/05/20
Real Sociedad,Granada CF,ppd.,10/05/20
Valencia,Real Valladolid,ppd.,10/05/20
Alavés,Getafe,ppd.,13/05/20
Atlético Madrid,Real Betis,ppd.,13/05/20
Espanyol,SD Eibar,ppd.,13/05/20
Granada CF,Real Madrid,ppd.,13/05/20
CD Leganés,Valencia,ppd.,13/05/20
Levante,Athletic,ppd.,13/05/20
CA Osasuna,Celta de Vigo,ppd.,13/05/20
Sevilla FC,RCD Mallorca,ppd.,13/05/20
Villarreal,Real Sociedad,ppd.,13/05/20
Real Valladolid,FC Barcelona,ppd.,13/05/20
Athletic,CD Leganés,ppd.,17/05/20
FC Barcelona,CA Osasuna,ppd.,17/05/20
Real Betis,Alavés,ppd.,17/05/20
Celta de Vigo,Levante,ppd.,17/05/20
SD Eibar,Real Valladolid,ppd.,17/05/20
Getafe,Atlético Madrid,ppd.,17/05/20
RCD Mallorca,Granada CF,ppd.,17/05/20
Real Madrid,Villarreal,ppd.,17/05/20
Real Sociedad,Sevilla FC,ppd.,17/05/20
Valencia,Espanyol,ppd.,17/05/20
CD Leganés,Real Madrid,-:-,24/05/20
Sevilla FC,Valencia,-:-,24/05/20
Espanyol,Celta de Vigo,-:-,24/05/20
Levante,Getafe,-:-,24/05/20
Alavés,FC Barcelona,-:-,24/05/20
Villarreal,SD Eibar,-:-,24/05/20
Granada CF,Athletic,-:-,24/05/20
CA Osasuna,RCD Mallorca,-:-,24/05/20
Atlético Madrid,Real Sociedad,-:-,24/05/20
Real Valladolid,Real Betis,-:-,24/05/20
Parma,Juventus,0:1,24/08/19
Fiorentina,SSC Napoli,3:4,24/08/19
Udinese Calcio,AC Milan,1:0,24/08/19
Cagliari Calcio,Brescia,0:1,24/08/19
Hellas Verona,Bologna,1:1,24/08/19
AS Roma,Genoa,3:3,24/08/19
Sampdoria,Lazio,0:3,24/08/19
SPAL,Atalanta,2:3,24/08/19
Torino,Sassuolo,2:1,24/08/19
Inter,Lecce,4:0,24/08/19
Bologna,SPAL,1:0,31/08/19
AC Milan,Brescia,1:0,31/08/19
Juventus,SSC Napoli,4:3,31/08/19
Lazio,AS Roma,1:1,31/08/19
Udinese Calcio,Parma,1:3,31/08/19
Atalanta,Torino,2:3,31/08/19
Cagliari Calcio,Inter,1:2,31/08/19
Genoa,Fiorentina,2:1,31/08/19
Lecce,Hellas Verona,0:1,31/08/19
Sassuolo,Sampdoria,4:1,31/08/19
Fiorentina,Juventus,0:0,14/09/19
SSC Napoli,Sampdoria,2:0,14/09/19
Inter,Udinese Calcio,1:0,14/09/19
Genoa,Atalanta,1:2,14/09/19
Brescia,Bologna,3:4,14/09/19
Parma,Cagliari Calcio,1:3,14/09/19
SPAL,Lazio,2:1,14/09/19
AS Roma,Sassuolo,4:2,14/09/19
Hellas Verona,AC Milan,0:1,14/09/19
Torino,Lecce,1:2,14/09/19
Cagliari Calcio,Genoa,3:1,21/09/19
Udinese Calcio,Brescia,0:1,21/09/19
Juventus,Hellas Verona,2:1,21/09/19
AC Milan,Inter,0:2,21/09/19
Sassuolo,SPAL,3:0,21/09/19
Bologna,AS Roma,1:2,21/09/19
Lecce,SSC Napoli,1:4,21/09/19
Sampdoria,Torino,1:0,21/09/19
Atalanta,Fiorentina,2:2,21/09/19
Lazio,Parma,2:0,21/09/19
Hellas Verona,Udinese Calcio,0:0,24/09/19
Brescia,Juventus,1:2,24/09/19
AS Roma,Atalanta,0:2,24/09/19
Fiorentina,Sampdoria,2:1,24/09/19
Genoa,Bologna,0:0,24/09/19
Inter,Lazio,1:0,24/09/19
SSC Napoli,Cagliari Calcio,0:1,24/09/19
Parma,Sassuolo,1:0,24/09/19
SPAL,Lecce,1:3,24/09/19
Torino,AC Milan,2:1,24/09/19
Juventus,SPAL,2:0,28/09/19
Sampdoria,Inter,1:3,28/09/19
Sassuolo,Atalanta,1:4,28/09/19
SSC Napoli,Brescia,2:1,28/09/19
Lazio,Genoa,4:0,28/09/19
Lecce,AS Roma,0:1,28/09/19
Udinese Calcio,Bologna,1:0,28/09/19
Cagliari Calcio,Hellas Verona,1:1,28/09/19
AC Milan,Fiorentina,1:3,28/09/19
Parma,Torino,3:2,28/09/19
SPAL,Parma,1:0,05/10/19
Hellas Verona,Sampdoria,2:0,05/10/19
Genoa,AC Milan,1:2,05/10/19
Fiorentina,Udinese Calcio,1:0,05/10/19
Atalanta,Lecce,3:1,05/10/19
Bologna,Lazio,2:2,05/10/19
AS Roma,Cagliari Calcio,1:1,05/10/19
Torino,SSC Napoli,0:0,05/10/19
Inter,Juventus,1:2,05/10/19
Brescia,Sassuolo,0:2,05/10/19
Lazio,Atalanta,3:3,19/10/19
SSC Napoli,Hellas Verona,2:0,19/10/19
Juventus,Bologna,2:1,19/10/19
Sassuolo,Inter,3:4,19/10/19
Cagliari Calcio,SPAL,2:0,19/10/19
Sampdoria,AS Roma,0:0,19/10/19
Udinese Calcio,Torino,1:0,19/10/19
Parma,Genoa,5:1,19/10/19
AC Milan,Lecce,2:2,19/10/19
Brescia,Fiorentina,0:0,19/10/19
Hellas Verona,Sassuolo,0:1,26/10/19
Lecce,Juventus,1:1,26/10/19
Inter,Parma,2:2,26/10/19
Genoa,Brescia,3:1,26/10/19
Bologna,Sampdoria,2:1,26/10/19
Atalanta,Udinese Calcio,7:1,26/10/19
SPAL,SSC Napoli,1:1,26/10/19
Torino,Cagliari Calcio,1:1,26/10/19
AS Roma,AC Milan,2:1,26/10/19
Fiorentina,Lazio,1:2,26/10/19
Parma,Hellas Verona,0:1,26/10/19
Brescia,Inter,1:2,26/10/19
SSC Napoli,Atalanta,2:2,26/10/19
Cagliari Calcio,Bologna,3:2,26/10/19
Juventus,Genoa,2:1,26/10/19
Lazio,Torino,4:0,26/10/19
Sampdoria,Lecce,1:1,26/10/19
Sassuolo,Fiorentina,1:2,26/10/19
Udinese Calcio,AS Roma,0:4,26/10/19
AC Milan,SPAL,1:0,26/10/19
AS Roma,SSC Napoli,2:1,02/11/19
Bologna,Inter,1:2,02/11/19
Torino,Juventus,0:1,02/11/19
Atalanta,Cagliari Calcio,0:2,02/11/19
Genoa,Udinese Calcio,1:3,02/11/19
Hellas Verona,Brescia,2:1,02/11/19
Lecce,Sassuolo,2:2,02/11/19
Fiorentina,Parma,1:1,02/11/19
AC Milan,Lazio,1:2,02/11/19
SPAL,Sampdoria,0:1,02/11/19
Sassuolo,Bologna,3:1,09/11/19
Brescia,Torino,0:4,09/11/19
Inter,Hellas Verona,2:1,09/11/19
SSC Napoli,Genoa,0:0,09/11/19
Cagliari Calcio,Fiorentina,5:2,09/11/19
Lazio,Lecce,4:2,09/11/19
Sampdoria,Atalanta,0:0,09/11/19
Udinese Calcio,SPAL,0:0,09/11/19
Parma,AS Roma,2:0,09/11/19
Juventus,AC Milan,1:0,09/11/19
Atalanta,Juventus,1:3,23/11/19
AC Milan,SSC Napoli,1:1,23/11/19
Torino,Inter,0:3,23/11/19
Bologna,Parma,2:2,23/11/19
Hellas Verona,Fiorentina,1:0,23/11/19
AS Roma,Brescia,3:0,23/11/19
Sassuolo,Lazio,1:2,23/11/19
Sampdoria,Udinese Calcio,2:1,23/11/19
Lecce,Cagliari Calcio,2:2,23/11/19
SPAL,Genoa,1:1,23/11/19
Brescia,Atalanta,0:3,30/11/19
Genoa,Torino,0:1,30/11/19
Fiorentina,Lecce,0:1,30/11/19
Juventus,Sassuolo,2:2,30/11/19
Inter,SPAL,2:1,30/11/19
Lazio,Udinese Calcio,3:0,30/11/19
Parma,AC Milan,0:1,30/11/19
SSC Napoli,Bologna,1:2,30/11/19
Hellas Verona,AS Roma,1:3,30/11/19
Cagliari Calcio,Sampdoria,4:3,30/11/19
Inter,AS Roma,0:0,07/12/19
Atalanta,Hellas Verona,3:2,07/12/19
Udinese Calcio,SSC Napoli,1:1,07/12/19
Lazio,Juventus,3:1,07/12/19
Lecce,Genoa,2:2,07/12/19
Sassuolo,Cagliari Calcio,2:2,07/12/19
SPAL,Brescia,0:1,07/12/19
Torino,Fiorentina,2:1,07/12/19
Sampdoria,Parma,0:1,07/12/19
Bologna,AC Milan,2:3,07/12/19
Brescia,Lecce,3:0,14/12/19
SSC Napoli,Parma,1:2,14/12/19
Genoa,Sampdoria,0:1,14/12/19
Hellas Verona,Torino,3:3,14/12/19
Bologna,Atalanta,2:1,14/12/19
Juventus,Udinese Calcio,3:1,14/12/19
AC Milan,Sassuolo,0:0,14/12/19
AS Roma,SPAL,3:1,14/12/19
Fiorentina,Inter,1:1,14/12/19
Cagliari Calcio,Lazio,1:2,14/12/19
Sampdoria,Juventus,1:2,18/12/19
Fiorentina,AS Roma,1:4,18/12/19
Udinese Calcio,Cagliari Calcio,2:1,18/12/19
Inter,Genoa,4:0,18/12/19
Torino,SPAL,1:2,18/12/19
Atalanta,AC Milan,5:0,18/12/19
Lecce,Bologna,2:3,18/12/19
Parma,Brescia,1:1,18/12/19
Sassuolo,SSC Napoli,1:2,18/12/19
Lazio,Hellas Verona,0:0,18/12/19
Brescia,Lazio,1:2,05/01/20
SPAL,Hellas Verona,0:2,05/01/20
Genoa,Sassuolo,2:1,05/01/20
AS Roma,Torino,0:2,05/01/20
Bologna,Fiorentina,1:1,05/01/20
Atalanta,Parma,5:0,05/01/20
Juventus,Cagliari Calcio,4:0,05/01/20
AC Milan,Sampdoria,0:0,05/01/20
Lecce,Udinese Calcio,0:1,05/01/20
SSC Napoli,Inter,1:3,05/01/20
Cagliari Calcio,AC Milan,0:2,11/01/20
Lazio,SSC Napoli,1:0,11/01/20
Inter,Atalanta,1:1,11/01/20
Udinese Calcio,Sassuolo,3:0,11/01/20
Fiorentina,SPAL,1:0,11/01/20
Sampdoria,Brescia,5:1,11/01/20
Torino,Bologna,1:0,11/01/20
Hellas Verona,Genoa,2:1,11/01/20
AS Roma,Juventus,1:2,11/01/20
Parma,Lecce,2:0,11/01/20
Lazio,Sampdoria,5:1,18/01/20
Sassuolo,Torino,2:1,18/01/20
SSC Napoli,Fiorentina,0:2,18/01/20
AC Milan,Udinese Calcio,3:2,18/01/20
Brescia,Cagliari Calcio,2:2,18/01/20
Bologna,Hellas Verona,1:1,18/01/20
Lecce,Inter,1:1,18/01/20
Genoa,AS Roma,1:3,18/01/20
Juventus,Parma,2:1,18/01/20
Atalanta,SPAL,1:2,18/01/20
Brescia,AC Milan,0:1,25/01/20
SPAL,Bologna,1:3,25/01/20
Fiorentina,Genoa,0:0,25/01/20
Torino,Atalanta,0:7,25/01/20
Inter,Cagliari Calcio,1:1,25/01/20
Hellas Verona,Lecce,3:0,25/01/20
Sampdoria,Sassuolo,0:0,25/01/20
Parma,Udinese Calcio,2:0,25/01/20
AS Roma,Lazio,1:1,25/01/20
SSC Napoli,Juventus,2:1,25/01/20
Bologna,Brescia,2:1,01/02/20
Cagliari Calcio,Parma,2:2,01/02/20
Sassuolo,AS Roma,4:2,01/02/20
Juventus,Fiorentina,3:0,01/02/20
Atalanta,Genoa,2:2,01/02/20
AC Milan,Hellas Verona,1:1,01/02/20
Lazio,SPAL,5:1,01/02/20
Lecce,Torino,4:0,01/02/20
Udinese Calcio,Inter,0:2,01/02/20
Sampdoria,SSC Napoli,2:4,01/02/20
AS Roma,Bologna,2:3,08/02/20
Fiorentina,Atalanta,1:2,08/02/20
Torino,Sampdoria,1:3,08/02/20
Hellas Verona,Juventus,2:1,08/02/20
SPAL,Sassuolo,1:2,08/02/20
Genoa,Cagliari Calcio,1:0,08/02/20
SSC Napoli,Lecce,2:3,08/02/20
Brescia,Udinese Calcio,1:1,08/02/20
Parma,Lazio,0:1,08/02/20
Inter,AC Milan,4:2,08/02/20
Lecce,SPAL,2:1,15/02/20
Bologna,Genoa,0:3,15/02/20
Atalanta,AS Roma,2:1,15/02/20
Udinese Calcio,Hellas Verona,0:0,15/02/20
Juventus,Brescia,2:0,15/02/20
Sampdoria,Fiorentina,1:5,15/02/20
Sassuolo,Parma,0:1,15/02/20
Cagliari Calcio,SSC Napoli,0:1,15/02/20
Lazio,Inter,2:1,15/02/20
AC Milan,Torino,1:0,15/02/20
Hellas Verona,Cagliari Calcio,ppd.,22/02/20
Torino,Parma,ppd.,22/02/20
Inter,Sampdoria,ppd.,22/02/20
Atalanta,Sassuolo,ppd.,22/02/20
Brescia,SSC Napoli,1:2,22/02/20
Bologna,Udinese Calcio,1:1,22/02/20
SPAL,Juventus,1:2,22/02/20
Fiorentina,AC Milan,1:1,22/02/20
Genoa,Lazio,2:3,22/02/20
AS Roma,Lecce,4:0,22/02/20
Lazio,Bologna,2:0,29/02/20
SSC Napoli,Torino,2:1,29/02/20
Lecce,Atalanta,2:7,29/02/20
Cagliari Calcio,AS Roma,3:4,29/02/20
Parma,SPAL,0:1,29/02/20
AC Milan,Genoa,1:2,29/02/20
Sampdoria,Hellas Verona,2:1,29/02/20
Udinese Calcio,Fiorentina,0:0,29/02/20
Juventus,Inter,2:0,29/02/20
Sassuolo,Brescia,3:0,29/02/20
Fiorentina,Brescia,ppd.,07/03/20
SPAL,Cagliari Calcio,ppd.,07/03/20
Bologna,Juventus,ppd.,07/03/20
Atalanta,Lazio,ppd.,07/03/20
Lecce,AC Milan,ppd.,07/03/20
Hellas Verona,SSC Napoli,ppd.,07/03/20
Genoa,Parma,ppd.,07/03/20
AS Roma,Sampdoria,ppd.,07/03/20
Inter,Sassuolo,ppd.,07/03/20
Torino,Udinese Calcio,ppd.,07/03/20
Udinese Calcio,Atalanta,ppd.,14/03/20
Sampdoria,Bologna,ppd.,14/03/20
Lazio,Fiorentina,ppd.,14/03/20
Brescia,Genoa,ppd.,14/03/20
Sassuolo,Hellas Verona,ppd.,14/03/20
Parma,Inter,ppd.,14/03/20
Juventus,Lecce,ppd.,14/03/20
AC Milan,AS Roma,ppd.,14/03/20
SSC Napoli,SPAL,ppd.,14/03/20
Cagliari Calcio,Torino,ppd.,14/03/20
Inter,Brescia,ppd.,21/03/20
Bologna,Cagliari Calcio,ppd.,21/03/20
Genoa,Juventus,ppd.,21/03/20
Torino,Lazio,ppd.,21/03/20
SPAL,AC Milan,ppd.,21/03/20
Atalanta,SSC Napoli,ppd.,21/03/20
Hellas Verona,Parma,ppd.,21/03/20
Lecce,Sampdoria,ppd.,21/03/20
Fiorentina,Sassuolo,ppd.,21/03/20
AS Roma,Udinese Calcio,ppd.,21/03/20
Cagliari Calcio,Atalanta,ppd.,04/04/20
SSC Napoli,AS Roma,ppd.,04/04/20
Juventus,Torino,ppd.,04/04/20
Sassuolo,Lecce,-:-,04/04/20
Parma,Fiorentina,ppd.,04/04/20
Brescia,Hellas Verona,ppd.,04/04/20
Sampdoria,SPAL,ppd.,04/04/20
Inter,Bologna,ppd.,04/04/20
Lazio,AC Milan,ppd.,04/04/20
Udinese Calcio,Genoa,ppd.,04/04/20
Torino,Brescia,ppd.,11/04/20
Fiorentina,Cagliari Calcio,ppd.,11/04/20
Hellas Verona,Inter,ppd.,11/04/20
Lecce,Lazio,ppd.,11/04/20
Genoa,SSC Napoli,ppd.,11/04/20
AS Roma,Parma,ppd.,11/04/20
Atalanta,Sampdoria,ppd.,11/04/20
Bologna,Sassuolo,-:-,11/04/20
SPAL,Udinese Calcio,ppd.,11/04/20
AC Milan,Juventus,ppd.,11/04/20
Juventus,Atalanta,ppd.,19/04/20
Parma,Bologna,ppd.,19/04/20
Fiorentina,Hellas Verona,ppd.,19/04/20
Cagliari Calcio,Lecce,ppd.,19/04/20
Brescia,AS Roma,ppd.,19/04/20
Udinese Calcio,Sampdoria,ppd.,19/04/20
Lazio,Sassuolo,-:-,19/04/20
Genoa,SPAL,ppd.,19/04/20
Inter,Torino,ppd.,19/04/20
SSC Napoli,AC Milan,ppd.,19/04/20
Atalanta,Brescia,ppd.,23/04/20
Sampdoria,Cagliari Calcio,ppd.,23/04/20
Lecce,Fiorentina,ppd.,23/04/20
Torino,Genoa,ppd.,23/04/20
AS Roma,Hellas Verona,ppd.,23/04/20
SPAL,Inter,ppd.,23/04/20
Sassuolo,Juventus,ppd.,23/04/20
Udinese Calcio,Lazio,ppd.,23/04/20
Bologna,SSC Napoli,ppd.,23/04/20
AC Milan,Parma,ppd.,23/04/20
Hellas Verona,Atalanta,ppd.,26/04/20
AC Milan,Bologna,ppd.,26/04/20
AS Roma,Inter,ppd.,26/04/20
Juventus,Lazio,ppd.,26/04/20
Genoa,Lecce,ppd.,26/04/20
Parma,Sampdoria,ppd.,26/04/20
Cagliari Calcio,Sassuolo,ppd.,26/04/20
Brescia,SPAL,ppd.,26/04/20
Fiorentina,Torino,ppd.,26/04/20
SSC Napoli,Udinese Calcio,ppd.,26/04/20
Atalanta,Bologna,ppd.,03/05/20
Lecce,Brescia,ppd.,03/05/20
Lazio,Cagliari Calcio,ppd.,03/05/20
Inter,Fiorentina,ppd.,03/05/20
Sampdoria,Genoa,ppd.,03/05/20
Torino,Hellas Verona,ppd.,03/05/20
Udinese Calcio,Juventus,ppd.,03/05/20
Sassuolo,AC Milan,ppd.,03/05/20
Parma,SSC Napoli,ppd.,03/05/20
SPAL,AS Roma,ppd.,03/05/20
AC Milan,Atalanta,ppd.,10/05/20
AS Roma,Fiorentina,ppd.,10/05/20
Genoa,Inter,ppd.,10/05/20
Hellas Verona,Lazio,ppd.,10/05/20
Bologna,Lecce,ppd.,10/05/20
Brescia,Parma,ppd.,10/05/20
Juventus,Sampdoria,ppd.,10/05/20
SSC Napoli,Sassuolo,-:-,10/05/20
SPAL,Torino,ppd.,10/05/20
Cagliari Calcio,Udinese Calcio,ppd.,10/05/20
Parma,Atalanta,ppd.,17/05/20
Fiorentina,Bologna,ppd.,17/05/20
Lazio,Brescia,ppd.,17/05/20
Sassuolo,Genoa,-:-,17/05/20
Cagliari Calcio,Juventus,ppd.,17/05/20
Udinese Calcio,Lecce,ppd.,17/05/20
Sampdoria,AC Milan,ppd.,17/05/20
Torino,AS Roma,ppd.,17/05/20
Hellas Verona,SPAL,ppd.,17/05/20
Inter,SSC Napoli,ppd.,17/05/20
AC Milan,Cagliari Calcio,-:-,24/05/20
SPAL,Fiorentina,-:-,24/05/20
Genoa,Hellas Verona,-:-,24/05/20
Atalanta,Inter,-:-,24/05/20
SSC Napoli,Lazio,-:-,24/05/20
Lecce,Parma,-:-,24/05/20
Juventus,AS Roma,-:-,24/05/20
Brescia,Sampdoria,-:-,24/05/20
Bologna,Torino,-:-,24/05/20
Sassuolo,Udinese Calcio,-:-,24/05/20
Parma,Juventus,0:1,24/08/19
Fiorentina,SSC Napoli,3:4,24/08/19
Udinese Calcio,AC Milan,1:0,24/08/19
Cagliari Calcio,Brescia,0:1,24/08/19
Hellas Verona,Bologna,1:1,24/08/19
AS Roma,Genoa,3:3,24/08/19
Sampdoria,Lazio,0:3,24/08/19
SPAL,Atalanta,2:3,24/08/19
Torino,Sassuolo,2:1,24/08/19
Inter,Lecce,4:0,24/08/19
Bologna,SPAL,1:0,31/08/19
AC Milan,Brescia,1:0,31/08/19
Juventus,SSC Napoli,4:3,31/08/19
Lazio,AS Roma,1:1,31/08/19
Udinese Calcio,Parma,1:3,31/08/19
Atalanta,Torino,2:3,31/08/19
Cagliari Calcio,Inter,1:2,31/08/19
Genoa,Fiorentina,2:1,31/08/19
Lecce,Hellas Verona,0:1,31/08/19
Sassuolo,Sampdoria,4:1,31/08/19
Fiorentina,Juventus,0:0,14/09/19
SSC Napoli,Sampdoria,2:0,14/09/19
Inter,Udinese Calcio,1:0,14/09/19
Genoa,Atalanta,1:2,14/09/19
Brescia,Bologna,3:4,14/09/19
Parma,Cagliari Calcio,1:3,14/09/19
SPAL,Lazio,2:1,14/09/19
AS Roma,Sassuolo,4:2,14/09/19
Hellas Verona,AC Milan,0:1,14/09/19
Torino,Lecce,1:2,14/09/19
Cagliari Calcio,Genoa,3:1,21/09/19
Udinese Calcio,Brescia,0:1,21/09/19
Juventus,Hellas Verona,2:1,21/09/19
AC Milan,Inter,0:2,21/09/19
Sassuolo,SPAL,3:0,21/09/19
Bologna,AS Roma,1:2,21/09/19
Lecce,SSC Napoli,1:4,21/09/19
Sampdoria,Torino,1:0,21/09/19
Atalanta,Fiorentina,2:2,21/09/19
Lazio,Parma,2:0,21/09/19
Hellas Verona,Udinese Calcio,0:0,24/09/19
Brescia,Juventus,1:2,24/09/19
AS Roma,Atalanta,0:2,24/09/19
Fiorentina,Sampdoria,2:1,24/09/19
Genoa,Bologna,0:0,24/09/19
Inter,Lazio,1:0,24/09/19
SSC Napoli,Cagliari Calcio,0:1,24/09/19
Parma,Sassuolo,1:0,24/09/19
SPAL,Lecce,1:3,24/09/19
Torino,AC Milan,2:1,24/09/19
Juventus,SPAL,2:0,28/09/19
Sampdoria,Inter,1:3,28/09/19
Sassuolo,Atalanta,1:4,28/09/19
SSC Napoli,Brescia,2:1,28/09/19
Lazio,Genoa,4:0,28/09/19
Lecce,AS Roma,0:1,28/09/19
Udinese Calcio,Bologna,1:0,28/09/19
Cagliari Calcio,Hellas Verona,1:1,28/09/19
AC Milan,Fiorentina,1:3,28/09/19
Parma,Torino,3:2,28/09/19
SPAL,Parma,1:0,05/10/19
Hellas Verona,Sampdoria,2:0,05/10/19
Genoa,AC Milan,1:2,05/10/19
Fiorentina,Udinese Calcio,1:0,05/10/19
Atalanta,Lecce,3:1,05/10/19
Bologna,Lazio,2:2,05/10/19
AS Roma,Cagliari Calcio,1:1,05/10/19
Torino,SSC Napoli,0:0,05/10/19
Inter,Juventus,1:2,05/10/19
Brescia,Sassuolo,0:2,05/10/19
Lazio,Atalanta,3:3,19/10/19
SSC Napoli,Hellas Verona,2:0,19/10/19
Juventus,Bologna,2:1,19/10/19
Sassuolo,Inter,3:4,19/10/19
Cagliari Calcio,SPAL,2:0,19/10/19
Sampdoria,AS Roma,0:0,19/10/19
Udinese Calcio,Torino,1:0,19/10/19
Parma,Genoa,5:1,19/10/19
AC Milan,Lecce,2:2,19/10/19
Brescia,Fiorentina,0:0,19/10/19
Hellas Verona,Sassuolo,0:1,26/10/19
Lecce,Juventus,1:1,26/10/19
Inter,Parma,2:2,26/10/19
Genoa,Brescia,3:1,26/10/19
Bologna,Sampdoria,2:1,26/10/19
Atalanta,Udinese Calcio,7:1,26/10/19
SPAL,SSC Napoli,1:1,26/10/19
Torino,Cagliari Calcio,1:1,26/10/19
AS Roma,AC Milan,2:1,26/10/19
Fiorentina,Lazio,1:2,26/10/19
Parma,Hellas Verona,0:1,26/10/19
Brescia,Inter,1:2,26/10/19
SSC Napoli,Atalanta,2:2,26/10/19
Cagliari Calcio,Bologna,3:2,26/10/19
Juventus,Genoa,2:1,26/10/19
Lazio,Torino,4:0,26/10/19
Sampdoria,Lecce,1:1,26/10/19
Sassuolo,Fiorentina,1:2,26/10/19
Udinese Calcio,AS Roma,0:4,26/10/19
AC Milan,SPAL,1:0,26/10/19
AS Roma,SSC Napoli,2:1,02/11/19
Bologna,Inter,1:2,02/11/19
Torino,Juventus,0:1,02/11/19
Atalanta,Cagliari Calcio,0:2,02/11/19
Genoa,Udinese Calcio,1:3,02/11/19
Hellas Verona,Brescia,2:1,02/11/19
Lecce,Sassuolo,2:2,02/11/19
Fiorentina,Parma,1:1,02/11/19
AC Milan,Lazio,1:2,02/11/19
SPAL,Sampdoria,0:1,02/11/19
Sassuolo,Bologna,3:1,09/11/19
Brescia,Torino,0:4,09/11/19
Inter,Hellas Verona,2:1,09/11/19
SSC Napoli,Genoa,0:0,09/11/19
Cagliari Calcio,Fiorentina,5:2,09/11/19
Lazio,Lecce,4:2,09/11/19
Sampdoria,Atalanta,0:0,09/11/19
Udinese Calcio,SPAL,0:0,09/11/19
Parma,AS Roma,2:0,09/11/19
Juventus,AC Milan,1:0,09/11/19
Atalanta,Juventus,1:3,23/11/19
AC Milan,SSC Napoli,1:1,23/11/19
Torino,Inter,0:3,23/11/19
Bologna,Parma,2:2,23/11/19
Hellas Verona,Fiorentina,1:0,23/11/19
AS Roma,Brescia,3:0,23/11/19
Sassuolo,Lazio,1:2,23/11/19
Sampdoria,Udinese Calcio,2:1,23/11/19
Lecce,Cagliari Calcio,2:2,23/11/19
SPAL,Genoa,1:1,23/11/19
Brescia,Atalanta,0:3,30/11/19
Genoa,Torino,0:1,30/11/19
Fiorentina,Lecce,0:1,30/11/19
Juventus,Sassuolo,2:2,30/11/19
Inter,SPAL,2:1,30/11/19
Lazio,Udinese Calcio,3:0,30/11/19
Parma,AC Milan,0:1,30/11/19
SSC Napoli,Bologna,1:2,30/11/19
Hellas Verona,AS Roma,1:3,30/11/19
Cagliari Calcio,Sampdoria,4:3,30/11/19
Inter,AS Roma,0:0,07/12/19
Atalanta,Hellas Verona,3:2,07/12/19
Udinese Calcio,SSC Napoli,1:1,07/12/19
Lazio,Juventus,3:1,07/12/19
Lecce,Genoa,2:2,07/12/19
Sassuolo,Cagliari Calcio,2:2,07/12/19
SPAL,Brescia,0:1,07/12/19
Torino,Fiorentina,2:1,07/12/19
Sampdoria,Parma,0:1,07/12/19
Bologna,AC Milan,2:3,07/12/19
Brescia,Lecce,3:0,14/12/19
SSC Napoli,Parma,1:2,14/12/19
Genoa,Sampdoria,0:1,14/12/19
Hellas Verona,Torino,3:3,14/12/19
Bologna,Atalanta,2:1,14/12/19
Juventus,Udinese Calcio,3:1,14/12/19
AC Milan,Sassuolo,0:0,14/12/19
AS Roma,SPAL,3:1,14/12/19
Fiorentina,Inter,1:1,14/12/19
Cagliari Calcio,Lazio,1:2,14/12/19
Sampdoria,Juventus,1:2,18/12/19
Fiorentina,AS Roma,1:4,18/12/19
Udinese Calcio,Cagliari Calcio,2:1,18/12/19
Inter,Genoa,4:0,18/12/19
Torino,SPAL,1:2,18/12/19
Atalanta,AC Milan,5:0,18/12/19
Lecce,Bologna,2:3,18/12/19
Parma,Brescia,1:1,18/12/19
Sassuolo,SSC Napoli,1:2,18/12/19
Lazio,Hellas Verona,0:0,18/12/19
Brescia,Lazio,1:2,05/01/20
SPAL,Hellas Verona,0:2,05/01/20
Genoa,Sassuolo,2:1,05/01/20
AS Roma,Torino,0:2,05/01/20
Bologna,Fiorentina,1:1,05/01/20
Atalanta,Parma,5:0,05/01/20
Juventus,Cagliari Calcio,4:0,05/01/20
AC Milan,Sampdoria,0:0,05/01/20
Lecce,Udinese Calcio,0:1,05/01/20
SSC Napoli,Inter,1:3,05/01/20
Cagliari Calcio,AC Milan,0:2,11/01/20
Lazio,SSC Napoli,1:0,11/01/20
Inter,Atalanta,1:1,11/01/20
Udinese Calcio,Sassuolo,3:0,11/01/20
Fiorentina,SPAL,1:0,11/01/20
Sampdoria,Brescia,5:1,11/01/20
Torino,Bologna,1:0,11/01/20
Hellas Verona,Genoa,2:1,11/01/20
AS Roma,Juventus,1:2,11/01/20
Parma,Lecce,2:0,11/01/20
Lazio,Sampdoria,5:1,18/01/20
Sassuolo,Torino,2:1,18/01/20
SSC Napoli,Fiorentina,0:2,18/01/20
AC Milan,Udinese Calcio,3:2,18/01/20
Brescia,Cagliari Calcio,2:2,18/01/20
Bologna,Hellas Verona,1:1,18/01/20
Lecce,Inter,1:1,18/01/20
Genoa,AS Roma,1:3,18/01/20
Juventus,Parma,2:1,18/01/20
Atalanta,SPAL,1:2,18/01/20
Brescia,AC Milan,0:1,25/01/20
SPAL,Bologna,1:3,25/01/20
Fiorentina,Genoa,0:0,25/01/20
Torino,Atalanta,0:7,25/01/20
Inter,Cagliari Calcio,1:1,25/01/20
Hellas Verona,Lecce,3:0,25/01/20
Sampdoria,Sassuolo,0:0,25/01/20
Parma,Udinese Calcio,2:0,25/01/20
AS Roma,Lazio,1:1,25/01/20
SSC Napoli,Juventus,2:1,25/01/20
Bologna,Brescia,2:1,01/02/20
Cagliari Calcio,Parma,2:2,01/02/20
Sassuolo,AS Roma,4:2,01/02/20
Juventus,Fiorentina,3:0,01/02/20
Atalanta,Genoa,2:2,01/02/20
AC Milan,Hellas Verona,1:1,01/02/20
Lazio,SPAL,5:1,01/02/20
Lecce,Torino,4:0,01/02/20
Udinese Calcio,Inter,0:2,01/02/20
Sampdoria,SSC Napoli,2:4,01/02/20
AS Roma,Bologna,2:3,08/02/20
Fiorentina,Atalanta,1:2,08/02/20
Torino,Sampdoria,1:3,08/02/20
Hellas Verona,Juventus,2:1,08/02/20
SPAL,Sassuolo,1:2,08/02/20
Genoa,Cagliari Calcio,1:0,08/02/20
SSC Napoli,Lecce,2:3,08/02/20
Brescia,Udinese Calcio,1:1,08/02/20
Parma,Lazio,0:1,08/02/20
Inter,AC Milan,4:2,08/02/20
Lecce,SPAL,2:1,15/02/20
Bologna,Genoa,0:3,15/02/20
Atalanta,AS Roma,2:1,15/02/20
Udinese Calcio,Hellas Verona,0:0,15/02/20
Juventus,Brescia,2:0,15/02/20
Sampdoria,Fiorentina,1:5,15/02/20
Sassuolo,Parma,0:1,15/02/20
Cagliari Calcio,SSC Napoli,0:1,15/02/20
Lazio,Inter,2:1,15/02/20
AC Milan,Torino,1:0,15/02/20
Hellas Verona,Cagliari Calcio,ppd.,22/02/20
Torino,Parma,ppd.,22/02/20
Inter,Sampdoria,ppd.,22/02/20
Atalanta,Sassuolo,ppd.,22/02/20
Brescia,SSC Napoli,1:2,22/02/20
Bologna,Udinese Calcio,1:1,22/02/20
SPAL,Juventus,1:2,22/02/20
Fiorentina,AC Milan,1:1,22/02/20
Genoa,Lazio,2:3,22/02/20
AS Roma,Lecce,4:0,22/02/20
Lazio,Bologna,2:0,29/02/20
SSC Napoli,Torino,2:1,29/02/20
Lecce,Atalanta,2:7,29/02/20
Cagliari Calcio,AS Roma,3:4,29/02/20
Parma,SPAL,0:1,29/02/20
AC Milan,Genoa,1:2,29/02/20
Sampdoria,Hellas Verona,2:1,29/02/20
Udinese Calcio,Fiorentina,0:0,29/02/20
Juventus,Inter,2:0,29/02/20
Sassuolo,Brescia,3:0,29/02/20
Fiorentina,Brescia,ppd.,07/03/20
SPAL,Cagliari Calcio,ppd.,07/03/20
Bologna,Juventus,ppd.,07/03/20
Atalanta,Lazio,ppd.,07/03/20
Lecce,AC Milan,ppd.,07/03/20
Hellas Verona,SSC Napoli,ppd.,07/03/20
Genoa,Parma,ppd.,07/03/20
AS Roma,Sampdoria,ppd.,07/03/20
Inter,Sassuolo,ppd.,07/03/20
Torino,Udinese Calcio,ppd.,07/03/20
Udinese Calcio,Atalanta,ppd.,14/03/20
Sampdoria,Bologna,ppd.,14/03/20
Lazio,Fiorentina,ppd.,14/03/20
Brescia,Genoa,ppd.,14/03/20
Sassuolo,Hellas Verona,ppd.,14/03/20
Parma,Inter,ppd.,14/03/20
Juventus,Lecce,ppd.,14/03/20
AC Milan,AS Roma,ppd.,14/03/20
SSC Napoli,SPAL,ppd.,14/03/20
Cagliari Calcio,Torino,ppd.,14/03/20
Inter,Brescia,ppd.,21/03/20
Bologna,Cagliari Calcio,ppd.,21/03/20
Genoa,Juventus,ppd.,21/03/20
Torino,Lazio,ppd.,21/03/20
SPAL,AC Milan,ppd.,21/03/20
Atalanta,SSC Napoli,ppd.,21/03/20
Hellas Verona,Parma,ppd.,21/03/20
Lecce,Sampdoria,ppd.,21/03/20
Fiorentina,Sassuolo,ppd.,21/03/20
AS Roma,Udinese Calcio,ppd.,21/03/20
Cagliari Calcio,Atalanta,ppd.,04/04/20
SSC Napoli,AS Roma,ppd.,04/04/20
Juventus,Torino,ppd.,04/04/20
Sassuolo,Lecce,-:-,04/04/20
Parma,Fiorentina,ppd.,04/04/20
Brescia,Hellas Verona,ppd.,04/04/20
Sampdoria,SPAL,ppd.,04/04/20
Inter,Bologna,ppd.,04/04/20
Lazio,AC Milan,ppd.,04/04/20
Udinese Calcio,Genoa,ppd.,04/04/20
Torino,Brescia,ppd.,11/04/20
Fiorentina,Cagliari Calcio,ppd.,11/04/20
Hellas Verona,Inter,ppd.,11/04/20
Lecce,Lazio,ppd.,11/04/20
Genoa,SSC Napoli,ppd.,11/04/20
AS Roma,Parma,ppd.,11/04/20
Atalanta,Sampdoria,ppd.,11/04/20
Bologna,Sassuolo,-:-,11/04/20
SPAL,Udinese Calcio,ppd.,11/04/20
AC Milan,Juventus,ppd.,11/04/20
Juventus,Atalanta,ppd.,19/04/20
Parma,Bologna,ppd.,19/04/20
Fiorentina,Hellas Verona,ppd.,19/04/20
Cagliari Calcio,Lecce,ppd.,19/04/20
Brescia,AS Roma,ppd.,19/04/20
Udinese Calcio,Sampdoria,ppd.,19/04/20
Lazio,Sassuolo,-:-,19/04/20
Genoa,SPAL,ppd.,19/04/20
Inter,Torino,ppd.,19/04/20
SSC Napoli,AC Milan,ppd.,19/04/20
Atalanta,Brescia,ppd.,23/04/20
Sampdoria,Cagliari Calcio,ppd.,23/04/20
Lecce,Fiorentina,ppd.,23/04/20
Torino,Genoa,ppd.,23/04/20
AS Roma,Hellas Verona,ppd.,23/04/20
SPAL,Inter,ppd.,23/04/20
Sassuolo,Juventus,ppd.,23/04/20
Udinese Calcio,Lazio,ppd.,23/04/20
Bologna,SSC Napoli,ppd.,23/04/20
AC Milan,Parma,ppd.,23/04/20
Hellas Verona,Atalanta,ppd.,26/04/20
AC Milan,Bologna,ppd.,26/04/20
AS Roma,Inter,ppd.,26/04/20
Juventus,Lazio,ppd.,26/04/20
Genoa,Lecce,ppd.,26/04/20
Parma,Sampdoria,ppd.,26/04/20
Cagliari Calcio,Sassuolo,ppd.,26/04/20
Brescia,SPAL,ppd.,26/04/20
Fiorentina,Torino,ppd.,26/04/20
SSC Napoli,Udinese Calcio,ppd.,26/04/20
Atalanta,Bologna,ppd.,03/05/20
Lecce,Brescia,ppd.,03/05/20
Lazio,Cagliari Calcio,ppd.,03/05/20
Inter,Fiorentina,ppd.,03/05/20
Sampdoria,Genoa,ppd.,03/05/20
Torino,Hellas Verona,ppd.,03/05/20
Udinese Calcio,Juventus,ppd.,03/05/20
Sassuolo,AC Milan,ppd.,03/05/20
Parma,SSC Napoli,ppd.,03/05/20
SPAL,AS Roma,ppd.,03/05/20
AC Milan,Atalanta,ppd.,10/05/20
AS Roma,Fiorentina,ppd.,10/05/20
Genoa,Inter,ppd.,10/05/20
Hellas Verona,Lazio,ppd.,10/05/20
Bologna,Lecce,ppd.,10/05/20
Brescia,Parma,ppd.,10/05/20
Juventus,Sampdoria,ppd.,10/05/20
SSC Napoli,Sassuolo,-:-,10/05/20
SPAL,Torino,ppd.,10/05/20
Cagliari Calcio,Udinese Calcio,ppd.,10/05/20
Parma,Atalanta,ppd.,17/05/20
Fiorentina,Bologna,ppd.,17/05/20
Lazio,Brescia,ppd.,17/05/20
Sassuolo,Genoa,-:-,17/05/20
Cagliari Calcio,Juventus,ppd.,17/05/20
Udinese Calcio,Lecce,ppd.,17/05/20
Sampdoria,AC Milan,ppd.,17/05/20
Torino,AS Roma,ppd.,17/05/20
Hellas Verona,SPAL,ppd.,17/05/20
Inter,SSC Napoli,ppd.,17/05/20
AC Milan,Cagliari Calcio,-:-,24/05/20
Liverpool,Norwich, 4:1 ,09/08/19
West Ham,Man City, 0:5 ,09/08/19
Crystal Palace,Everton, 0:0 ,09/08/19
Watford,Brighton, 0:3 ,09/08/19
Burnley,Southampton, 3:0 ,09/08/19
Bournemouth,Sheffield Utd., 1:1 ,09/08/19
Spurs,Aston Villa, 3:1 ,09/08/19
Newcastle,Arsenal, 0:1 ,09/08/19
Leicester,Wolves, 0:0 ,09/08/19
Man Utd,Chelsea, 4:0 ,09/08/19
Norwich,Newcastle, 3:1 ,17/08/19
Arsenal,Burnley, 2:1 ,17/08/19
Southampton,Liverpool, 1:2 ,17/08/19
Brighton,West Ham, 1:1 ,17/08/19
Aston Villa,Bournemouth, 1:2 ,17/08/19
Everton,Watford, 1:0 ,17/08/19
Man City,Spurs, 2:2 ,17/08/19
Sheffield Utd.,Crystal Palace, 1:0 ,17/08/19
Chelsea,Leicester, 1:1 ,17/08/19
Wolves,Man Utd, 1:1 ,17/08/19
Aston Villa,Everton, 2:0 ,23/08/19
Norwich,Chelsea, 2:3 ,23/08/19
Watford,West Ham, 1:3 ,23/08/19
Sheffield Utd.,Leicester, 1:2 ,23/08/19
Brighton,Southampton, 0:2 ,23/08/19
Man Utd,Crystal Palace, 1:2 ,23/08/19
Liverpool,Arsenal, 3:1 ,23/08/19
Bournemouth,Man City, 1:3 ,23/08/19
Spurs,Newcastle, 0:1 ,23/08/19
Wolves,Burnley, 1:1 ,23/08/19
Southampton,Man Utd, 1:1 ,31/08/19
West Ham,Norwich, 2:0 ,31/08/19
Newcastle,Watford, 1:1 ,31/08/19
Man City,Brighton, 4:0 ,31/08/19
Chelsea,Sheffield Utd., 2:2 ,31/08/19
Crystal Palace,Aston Villa, 1:0 ,31/08/19
Leicester,Bournemouth, 3:1 ,31/08/19
Burnley,Liverpool, 0:3 ,31/08/19
Everton,Wolves, 3:2 ,31/08/19
Arsenal,Spurs, 2:2 ,31/08/19
Liverpool,Newcastle, 3:1 ,14/09/19
Spurs,Crystal Palace, 4:0 ,14/09/19
Sheffield Utd.,Southampton, 0:1 ,14/09/19
Wolves,Chelsea, 2:5 ,14/09/19
Brighton,Burnley, 1:1 ,14/09/19
Man Utd,Leicester, 1:0 ,14/09/19
Norwich,Man City, 3:2 ,14/09/19
Bournemouth,Everton, 3:1 ,14/09/19
Watford,Arsenal, 2:2 ,14/09/19
Aston Villa,West Ham, 0:0 ,14/09/19
Southampton,Bournemouth, 1:3 ,20/09/19
Leicester,Spurs, 2:1 ,20/09/19
Man City,Watford, 8:0 ,20/09/19
Burnley,Norwich, 2:0 ,20/09/19
Everton,Sheffield Utd., 0:2 ,20/09/19
Newcastle,Brighton, 0:0 ,20/09/19
West Ham,Man Utd, 2:0 ,20/09/19
Crystal Palace,Wolves, 1:1 ,20/09/19
Chelsea,Liverpool, 1:2 ,20/09/19
Arsenal,Aston Villa, 3:2 ,20/09/19
Sheffield Utd.,Liverpool, 0:1 ,28/09/19
Wolves,Watford, 2:0 ,28/09/19
Spurs,Southampton, 2:1 ,28/09/19
Chelsea,Brighton, 2:0 ,28/09/19
Bournemouth,West Ham, 2:2 ,28/09/19
Crystal Palace,Norwich, 2:0 ,28/09/19
Aston Villa,Burnley, 2:2 ,28/09/19
Everton,Man City, 1:3 ,28/09/19
Leicester,Newcastle, 5:0 ,28/09/19
Man Utd,Arsenal, 1:1 ,28/09/19
Brighton,Spurs, 3:0 ,05/10/19
Watford,Sheffield Utd., 0:0 ,05/10/19
Norwich,Aston Villa, 1:5 ,05/10/19
Liverpool,Leicester, 2:1 ,05/10/19
Burnley,Everton, 1:0 ,05/10/19
West Ham,Crystal Palace, 1:2 ,05/10/19
Southampton,Chelsea, 1:4 ,05/10/19
Arsenal,Bournemouth, 1:0 ,05/10/19
Man City,Wolves, 0:2 ,05/10/19
Newcastle,Man Utd, 1:0 ,05/10/19
Everton,West Ham, 2:0 ,19/10/19
Spurs,Watford, 1:1 ,19/10/19
Wolves,Southampton, 1:1 ,19/10/19
Leicester,Burnley, 2:1 ,19/10/19
Aston Villa,Brighton, 2:1 ,19/10/19
Chelsea,Newcastle, 1:0 ,19/10/19
Bournemouth,Norwich, 0:0 ,19/10/19
Crystal Palace,Man City, 0:2 ,19/10/19
Man Utd,Liverpool, 1:1 ,19/10/19
Sheffield Utd.,Arsenal, 1:0 ,19/10/19
Southampton,Leicester, 0:9 ,25/10/19
Man City,Aston Villa, 3:0 ,25/10/19
Watford,Bournemouth, 0:0 ,25/10/19
West Ham,Sheffield Utd., 1:1 ,25/10/19
Brighton,Everton, 3:2 ,25/10/19
Burnley,Chelsea, 2:4 ,25/10/19
Newcastle,Wolves, 1:1 ,25/10/19
Norwich,Man Utd, 1:3 ,25/10/19
Arsenal,Crystal Palace, 2:2 ,25/10/19
Liverpool,Spurs, 2:1 ,25/10/19
Bournemouth,Man Utd, 1:0 ,02/11/19
Man City,Southampton, 2:1 ,02/11/19
Sheffield Utd.,Burnley, 3:0 ,02/11/19
West Ham,Newcastle, 2:3 ,02/11/19
Brighton,Norwich, 2:0 ,02/11/19
Arsenal,Wolves, 1:1 ,02/11/19
Aston Villa,Liverpool, 1:2 ,02/11/19
Watford,Chelsea, 1:2 ,02/11/19
Crystal Palace,Leicester, 0:2 ,02/11/19
Everton,Spurs, 1:1 ,02/11/19
Norwich,Watford, 0:2 ,08/11/19
Chelsea,Crystal Palace, 2:0 ,08/11/19
Spurs,Sheffield Utd., 1:1 ,08/11/19
Southampton,Everton, 1:2 ,08/11/19
Newcastle,Bournemouth, 2:1 ,08/11/19
Burnley,West Ham, 3:0 ,08/11/19
Leicester,Arsenal, 2:0 ,08/11/19
Wolves,Aston Villa, 2:1 ,08/11/19
Man Utd,Brighton, 3:1 ,08/11/19
Liverpool,Man City, 3:1 ,08/11/19
West Ham,Spurs, 2:3 ,23/11/19
Watford,Burnley, 0:3 ,23/11/19
Brighton,Leicester, 0:2 ,23/11/19
Crystal Palace,Liverpool, 1:2 ,23/11/19
Everton,Norwich, 0:2 ,23/11/19
Arsenal,Southampton, 2:2 ,23/11/19
Bournemouth,Wolves, 1:2 ,23/11/19
Man City,Chelsea, 2:1 ,23/11/19
Sheffield Utd.,Man Utd, 3:3 ,23/11/19
Aston Villa,Newcastle, 2:0 ,23/11/19
Newcastle,Man City, 2:2 ,30/11/19
Spurs,Bournemouth, 3:2 ,30/11/19
Liverpool,Brighton, 2:1 ,30/11/19
Burnley,Crystal Palace, 0:2 ,30/11/19
Chelsea,West Ham, 0:1 ,30/11/19
Southampton,Watford, 2:1 ,30/11/19
Wolves,Sheffield Utd., 1:1 ,30/11/19
Norwich,Arsenal, 2:2 ,30/11/19
Man Utd,Aston Villa, 2:2 ,30/11/19
Leicester,Everton, 2:1 ,30/11/19
Crystal Palace,Bournemouth, 1:0 ,03/12/19
Burnley,Man City, 1:4 ,03/12/19
Southampton,Norwich, 2:1 ,03/12/19
Chelsea,Aston Villa, 2:1 ,03/12/19
Leicester,Watford, 2:0 ,03/12/19
Man Utd,Spurs, 2:1 ,03/12/19
Wolves,West Ham, 2:0 ,03/12/19
Liverpool,Everton, 5:2 ,03/12/19
Sheffield Utd.,Newcastle, 0:2 ,03/12/19
Arsenal,Brighton, 1:2 ,03/12/19
Everton,Chelsea, 3:1 ,07/12/19
Watford,Crystal Palace, 0:0 ,07/12/19
Spurs,Burnley, 5:0 ,07/12/19
Bournemouth,Liverpool, 0:3 ,07/12/19
Man City,Man Utd, 1:2 ,07/12/19
Norwich,Sheffield Utd., 1:2 ,07/12/19
Newcastle,Southampton, 2:1 ,07/12/19
Aston Villa,Leicester, 1:4 ,07/12/19
Brighton,Wolves, 2:2 ,07/12/19
West Ham,Arsenal, 1:3 ,07/12/19
Liverpool,Watford, 2:0 ,14/12/19
Sheffield Utd.,Aston Villa, 2:0 ,14/12/19
Leicester,Norwich, 1:1 ,14/12/19
Burnley,Newcastle, 1:0 ,14/12/19
Chelsea,Bournemouth, 0:1 ,14/12/19
Southampton,West Ham, 0:1 ,14/12/19
Wolves,Spurs, 1:2 ,14/12/19
Man Utd,Everton, 1:1 ,14/12/19
Arsenal,Man City, 0:3 ,14/12/19
Crystal Palace,Brighton, 1:1 ,14/12/19
Everton,Arsenal, 0:0 ,21/12/19
Norwich,Wolves, 1:2 ,21/12/19
Newcastle,Crystal Palace, 1:0 ,21/12/19
Brighton,Sheffield Utd., 0:1 ,21/12/19
Bournemouth,Burnley, 0:1 ,21/12/19
Aston Villa,Southampton, 1:3 ,21/12/19
Man City,Leicester, 3:1 ,21/12/19
Watford,Man Utd, 2:0 ,21/12/19
Spurs,Chelsea, 0:2 ,21/12/19
West Ham,Liverpool, 0:2 ,21/12/19
Spurs,Brighton, 2:1 ,26/12/19
Sheffield Utd.,Watford, 1:1 ,26/12/19
Bournemouth,Arsenal, 1:1 ,26/12/19
Chelsea,Southampton, 0:2 ,26/12/19
Aston Villa,Norwich, 1:0 ,26/12/19
Crystal Palace,West Ham, 2:1 ,26/12/19
Everton,Burnley, 1:0 ,26/12/19
Man Utd,Newcastle, 4:1 ,26/12/19
Leicester,Liverpool, 0:4 ,26/12/19
Wolves,Man City, 3:2 ,26/12/19
Brighton,Bournemouth, 2:0 ,28/12/19
Watford,Aston Villa, 3:0 ,28/12/19
Southampton,Crystal Palace, 1:1 ,28/12/19
Newcastle,Everton, 1:2 ,28/12/19
West Ham,Leicester, 1:2 ,28/12/19
Norwich,Spurs, 2:2 ,28/12/19
Burnley,Man Utd, 0:2 ,28/12/19
Arsenal,Chelsea, 1:2 ,28/12/19
Liverpool,Wolves, 1:0 ,28/12/19
Man City,Sheffield Utd., 2:0 ,28/12/19
Brighton,Chelsea, 1:1 ,01/01/20
Burnley,Aston Villa, 1:2 ,01/01/20
Watford,Wolves, 2:1 ,01/01/20
Southampton,Spurs, 1:0 ,01/01/20
Newcastle,Leicester, 0:3 ,01/01/20
West Ham,Bournemouth, 4:0 ,01/01/20
Man City,Everton, 2:1 ,01/01/20
Norwich,Crystal Palace, 1:1 ,01/01/20
Arsenal,Man Utd, 2:0 ,01/01/20
Liverpool,Sheffield Utd., 2:0 ,01/01/20
Sheffield Utd.,West Ham, 1:0 ,10/01/20
Crystal Palace,Arsenal, 1:1 ,10/01/20
Wolves,Newcastle, 1:1 ,10/01/20
Man Utd,Norwich, 4:0 ,10/01/20
Leicester,Southampton, 1:2 ,10/01/20
Chelsea,Burnley, 3:0 ,10/01/20
Everton,Brighton, 1:0 ,10/01/20
Spurs,Liverpool, 0:1 ,10/01/20
Bournemouth,Watford, 0:3 ,10/01/20
Aston Villa,Man City, 1:6 ,10/01/20
Watford,Spurs, 0:0 ,18/01/20
West Ham,Everton, 1:1 ,18/01/20
Norwich,Bournemouth, 1:0 ,18/01/20
Southampton,Wolves, 2:3 ,18/01/20
Brighton,Aston Villa, 1:1 ,18/01/20
Arsenal,Sheffield Utd., 1:1 ,18/01/20
Man City,Crystal Palace, 2:2 ,18/01/20
Newcastle,Chelsea, 1:0 ,18/01/20
Burnley,Leicester, 2:1 ,18/01/20
Liverpool,Man Utd, 2:0 ,18/01/20
Crystal Palace,Southampton, 0:2 ,21/01/20
Sheffield Utd.,Man City, 0:1 ,21/01/20
Aston Villa,Watford, 2:1 ,21/01/20
Bournemouth,Brighton, 3:1 ,21/01/20
Everton,Newcastle, 2:2 ,21/01/20
Chelsea,Arsenal, 2:2 ,21/01/20
Leicester,West Ham, 4:1 ,21/01/20
Spurs,Norwich, 2:1 ,21/01/20
Man Utd,Burnley, 0:2 ,21/01/20
Wolves,Liverpool, 1:2 ,21/01/20
Leicester,Chelsea, 2:2 ,01/02/20
Liverpool,Southampton, 4:0 ,01/02/20
Bournemouth,Aston Villa, 2:1 ,01/02/20
West Ham,Brighton, 3:3 ,01/02/20
Watford,Everton, 2:3 ,01/02/20
Newcastle,Norwich, 0:0 ,01/02/20
Crystal Palace,Sheffield Utd., 0:1 ,01/02/20
Man Utd,Wolves, 0:0 ,01/02/20
Burnley,Arsenal, 0:0 ,01/02/20
Spurs,Man City, 2:0 ,01/02/20
Everton,Crystal Palace, 3:1 ,08/02/20
Brighton,Watford, 1:1 ,08/02/20
Sheffield Utd.,Bournemouth, 2:1 ,08/02/20
Wolves,Leicester, 0:0 ,08/02/20
Southampton,Burnley, 1:2 ,08/02/20
Norwich,Liverpool, 0:1 ,08/02/20
Aston Villa,Spurs, 2:3 ,08/02/20
Arsenal,Newcastle, 4:0 ,08/02/20
Chelsea,Man Utd, 0:2 ,08/02/20
Man City,West Ham, 2:0 ,08/02/20
Chelsea,Spurs, 2:1 ,22/02/20
Sheffield Utd.,Brighton, 1:1 ,22/02/20
Crystal Palace,Newcastle, 1:0 ,22/02/20
Southampton,Aston Villa, 2:0 ,22/02/20
Burnley,Bournemouth, 3:0 ,22/02/20
Leicester,Man City, 0:1 ,22/02/20
Man Utd,Watford, 3:0 ,22/02/20
Wolves,Norwich, 3:0 ,22/02/20
Arsenal,Everton, 3:2 ,22/02/20
Liverpool,West Ham, 3:2 ,22/02/20
Man City,Arsenal, ppd. ,28/02/20
Aston Villa,Sheffield Utd., ppd. ,28/02/20
Norwich,Leicester, 1:0 ,28/02/20
Brighton,Crystal Palace, 0:1 ,28/02/20
West Ham,Southampton, 3:1 ,28/02/20
Newcastle,Burnley, 0:0 ,28/02/20
Bournemouth,Chelsea, 2:2 ,28/02/20
Watford,Liverpool, 3:0 ,28/02/20
Spurs,Wolves, 2:3 ,28/02/20
Everton,Man Utd, 1:1 ,28/02/20
Liverpool,Bournemouth, 2:1 ,07/03/20
Arsenal,West Ham, 1:0 ,07/03/20
Crystal Palace,Watford, 1:0 ,07/03/20
Sheffield Utd.,Norwich, 1:0 ,07/03/20
Southampton,Newcastle, 0:1 ,07/03/20
Wolves,Brighton, 0:0 ,07/03/20
Burnley,Spurs, 1:1 ,07/03/20
Chelsea,Everton, 4:0 ,07/03/20
Man Utd,Man City, 2:0 ,07/03/20
Leicester,Aston Villa, 4:0 ,07/03/20
Aston Villa,Chelsea, ppd. ,14/03/20
Watford,Leicester, ppd. ,14/03/20
Spurs,Man Utd, ppd. ,14/03/20
Everton,Liverpool, ppd. ,14/03/20
Brighton,Arsenal, ppd. ,14/03/20
Newcastle,Sheffield Utd., ppd. ,14/03/20
Bournemouth,Crystal Palace, ppd. ,14/03/20
Norwich,Southampton, ppd. ,14/03/20
West Ham,Wolves, ppd. ,14/03/20
Man City,Burnley, ppd. ,14/03/20
Spurs,West Ham, ppd. ,20/03/20
Chelsea,Man City, ppd. ,20/03/20
Burnley,Watford, ppd. ,20/03/20
Newcastle,Aston Villa, ppd. ,20/03/20
Norwich,Everton, ppd. ,20/03/20
Man Utd,Sheffield Utd., ppd. ,20/03/20
Liverpool,Crystal Palace, ppd. ,20/03/20
Leicester,Brighton, ppd. ,20/03/20
Wolves,Bournemouth, ppd. ,20/03/20
Southampton,Arsenal, ppd. ,20/03/20
Aston Villa,Wolves, ppd. ,04/04/20
Brighton,Man Utd, ppd. ,04/04/20
Watford,Southampton, ppd. ,04/04/20
Arsenal,Norwich, ppd. ,04/04/20
Bournemouth,Newcastle, ppd. ,04/04/20
Crystal Palace,Burnley, ppd. ,04/04/20
Sheffield Utd.,Spurs, ppd. ,04/04/20
West Ham,Chelsea, ppd. ,04/04/20
Man City,Liverpool, ppd. ,04/04/20
Everton,Leicester, ppd. ,04/04/20
Newcastle,West Ham, ppd. ,10/04/20
Man Utd,Bournemouth, ppd. ,10/04/20
Burnley,Sheffield Utd., ppd. ,10/04/20
Leicester,Crystal Palace, ppd. ,10/04/20
Southampton,Man City, ppd. ,10/04/20
Norwich,Brighton, ppd. ,10/04/20
Spurs,Everton, ppd. ,10/04/20
Chelsea,Watford, ppd. ,10/04/20
Liverpool,Aston Villa, ppd. ,10/04/20
Wolves,Arsenal, ppd. ,10/04/20
Crystal Palace,Chelsea, ppd. ,18/04/20
Everton,Southampton, ppd. ,18/04/20
West Ham,Burnley, ppd. ,18/04/20
Man City,Newcastle, ppd. ,18/04/20
Bournemouth,Spurs, ppd. ,18/04/20
Watford,Norwich, ppd. ,18/04/20
Arsenal,Leicester, ppd. ,18/04/20
Sheffield Utd.,Wolves, ppd. ,18/04/20
Aston Villa,Man Utd, ppd. ,18/04/20
Brighton,Liverpool, ppd. ,18/04/20
Liverpool,Burnley, ppd. ,25/04/20
Bournemouth,Leicester, ppd. ,25/04/20
Wolves,Everton, ppd. ,25/04/20
Man Utd,Southampton, ppd. ,25/04/20
Watford,Newcastle, ppd. ,25/04/20
Norwich,West Ham, ppd. ,25/04/20
Brighton,Man City, ppd. ,25/04/20
Sheffield Utd.,Chelsea, ppd. ,25/04/20
Spurs,Arsenal, ppd. ,25/04/20
Aston Villa,Crystal Palace, ppd. ,25/04/20
West Ham,Watford, ppd. ,02/05/20
Southampton,Brighton, ppd. ,02/05/20
Burnley,Wolves, ppd. ,02/05/20
Man City,Bournemouth, ppd. ,02/05/20
Newcastle,Spurs, ppd. ,02/05/20
Chelsea,Norwich, ppd. ,02/05/20
Everton,Aston Villa, ppd. ,02/05/20
Crystal Palace,Man Utd, ppd. ,02/05/20
Arsenal,Liverpool, ppd. ,02/05/20
Leicester,Sheffield Utd., ppd. ,02/05/20
Aston Villa,Arsenal, ppd. ,09/05/20
Bournemouth,Southampton, ppd. ,09/05/20
Wolves,Crystal Palace, ppd. ,09/05/20
Watford,Man City, ppd. ,09/05/20
Sheffield Utd.,Everton, ppd. ,09/05/20
Spurs,Leicester, ppd. ,09/05/20
Brighton,Newcastle, ppd. ,09/05/20
Man Utd,West Ham, ppd. ,09/05/20
Liverpool,Chelsea, ppd. ,09/05/20
Norwich,Burnley, ppd. ,09/05/20
Everton,Bournemouth, ppd. ,17/05/20
Arsenal,Watford, ppd. ,17/05/20
Leicester,Man Utd, ppd. ,17/05/20
Man City,Norwich, ppd. ,17/05/20
Southampton,Sheffield Utd., ppd. ,17/05/20
Newcastle,Liverpool, ppd. ,17/05/20
Burnley,Brighton, ppd. ,17/05/20
Crystal Palace,Spurs, ppd. ,17/05/20
Chelsea,Wolves, ppd. ,17/05/20
West Ham,Aston Villa, ppd. ,17/05/20
Liverpool,Norwich, 4:1 ,09/08/19
West Ham,Man City, 0:5 ,09/08/19
Crystal Palace,Everton, 0:0 ,09/08/19
Watford,Brighton, 0:3 ,09/08/19
Burnley,Southampton, 3:0 ,09/08/19
Bournemouth,Sheffield Utd., 1:1 ,09/08/19
Spurs,Aston Villa, 3:1 ,09/08/19
Newcastle,Arsenal, 0:1 ,09/08/19
Leicester,Wolves, 0:0 ,09/08/19
Man Utd,Chelsea, 4:0 ,09/08/19
Norwich,Newcastle, 3:1 ,17/08/19
Arsenal,Burnley, 2:1 ,17/08/19
Southampton,Liverpool, 1:2 ,17/08/19
Brighton,West Ham, 1:1 ,17/08/19
Aston Villa,Bournemouth, 1:2 ,17/08/19
Everton,Watford, 1:0 ,17/08/19
Man City,Spurs, 2:2 ,17/08/19
Sheffield Utd.,Crystal Palace, 1:0 ,17/08/19
Chelsea,Leicester, 1:1 ,17/08/19
Wolves,Man Utd, 1:1 ,17/08/19
Aston Villa,Everton, 2:0 ,23/08/19
Norwich,Chelsea, 2:3 ,23/08/19
Watford,West Ham, 1:3 ,23/08/19
Sheffield Utd.,Leicester, 1:2 ,23/08/19
Brighton,Southampton, 0:2 ,23/08/19
Man Utd,Crystal Palace, 1:2 ,23/08/19
Liverpool,Arsenal, 3:1 ,23/08/19
Bournemouth,Man City, 1:3 ,23/08/19
Spurs,Newcastle, 0:1 ,23/08/19
Wolves,Burnley, 1:1 ,23/08/19
Southampton,Man Utd, 1:1 ,31/08/19
West Ham,Norwich, 2:0 ,31/08/19
Newcastle,Watford, 1:1 ,31/08/19
Man City,Brighton, 4:0 ,31/08/19
Chelsea,Sheffield Utd., 2:2 ,31/08/19
Crystal Palace,Aston Villa, 1:0 ,31/08/19
Leicester,Bournemouth, 3:1 ,31/08/19
Burnley,Liverpool, 0:3 ,31/08/19
Everton,Wolves, 3:2 ,31/08/19
Arsenal,Spurs, 2:2 ,31/08/19
Liverpool,Newcastle, 3:1 ,14/09/19
Spurs,Crystal Palace, 4:0 ,14/09/19
Sheffield Utd.,Southampton, 0:1 ,14/09/19
Wolves,Chelsea, 2:5 ,14/09/19
Brighton,Burnley, 1:1 ,14/09/19
Man Utd,Leicester, 1:0 ,14/09/19
Norwich,Man City, 3:2 ,14/09/19
Bournemouth,Everton, 3:1 ,14/09/19
Watford,Arsenal, 2:2 ,14/09/19
Aston Villa,West Ham, 0:0 ,14/09/19
Southampton,Bournemouth, 1:3 ,20/09/19
Leicester,Spurs, 2:1 ,20/09/19
Man City,Watford, 8:0 ,20/09/19
Burnley,Norwich, 2:0 ,20/09/19
Everton,Sheffield Utd., 0:2 ,20/09/19
Newcastle,Brighton, 0:0 ,20/09/19
West Ham,Man Utd, 2:0 ,20/09/19
Crystal Palace,Wolves, 1:1 ,20/09/19
Chelsea,Liverpool, 1:2 ,20/09/19
Arsenal,Aston Villa, 3:2 ,20/09/19
Sheffield Utd.,Liverpool, 0:1 ,28/09/19
Wolves,Watford, 2:0 ,28/09/19
Spurs,Southampton, 2:1 ,28/09/19
Chelsea,Brighton, 2:0 ,28/09/19
Bournemouth,West Ham, 2:2 ,28/09/19
Crystal Palace,Norwich, 2:0 ,28/09/19
Aston Villa,Burnley, 2:2 ,28/09/19
Everton,Man City, 1:3 ,28/09/19
Leicester,Newcastle, 5:0 ,28/09/19
Man Utd,Arsenal, 1:1 ,28/09/19
Brighton,Spurs, 3:0 ,05/10/19
Watford,Sheffield Utd., 0:0 ,05/10/19
Norwich,Aston Villa, 1:5 ,05/10/19
Liverpool,Leicester, 2:1 ,05/10/19
Burnley,Everton, 1:0 ,05/10/19
West Ham,Crystal Palace, 1:2 ,05/10/19
Southampton,Chelsea, 1:4 ,05/10/19
Arsenal,Bournemouth, 1:0 ,05/10/19
Man City,Wolves, 0:2 ,05/10/19
Newcastle,Man Utd, 1:0 ,05/10/19
Everton,West Ham, 2:0 ,19/10/19
Spurs,Watford, 1:1 ,19/10/19
Wolves,Southampton, 1:1 ,19/10/19
Leicester,Burnley, 2:1 ,19/10/19
Aston Villa,Brighton, 2:1 ,19/10/19
Chelsea,Newcastle, 1:0 ,19/10/19
Bournemouth,Norwich, 0:0 ,19/10/19
Crystal Palace,Man City, 0:2 ,19/10/19
Man Utd,Liverpool, 1:1 ,19/10/19
Sheffield Utd.,Arsenal, 1:0 ,19/10/19
Southampton,Leicester, 0:9 ,25/10/19
Man City,Aston Villa, 3:0 ,25/10/19
Watford,Bournemouth, 0:0 ,25/10/19
West Ham,Sheffield Utd., 1:1 ,25/10/19
Brighton,Everton, 3:2 ,25/10/19
Burnley,Chelsea, 2:4 ,25/10/19
Newcastle,Wolves, 1:1 ,25/10/19
Norwich,Man Utd, 1:3 ,25/10/19
Arsenal,Crystal Palace, 2:2 ,25/10/19
Liverpool,Spurs, 2:1 ,25/10/19
Bournemouth,Man Utd, 1:0 ,02/11/19
Man City,Southampton, 2:1 ,02/11/19
Sheffield Utd.,Burnley, 3:0 ,02/11/19
West Ham,Newcastle, 2:3 ,02/11/19
Brighton,Norwich, 2:0 ,02/11/19
Arsenal,Wolves, 1:1 ,02/11/19
Aston Villa,Liverpool, 1:2 ,02/11/19
Watford,Chelsea, 1:2 ,02/11/19
Crystal Palace,Leicester, 0:2 ,02/11/19
